space_id,lead_time,+1 standard,-1 standard,weekday1 timegroup1 acc,weekday1 timegroup2 acc,weekday1 timegroup3 acc,weekday1 timegroup4 acc,weekday2 timegroup1 acc,weekday2 timegroup2 acc,weekday2 timegroup3 acc,weekday2 timegroup4 acc,weekday3 timegroup1 acc,weekday3 timegroup2 acc,weekday3 timegroup3 acc,weekday3 timegroup4 acc,weekday4 timegroup1 acc,weekday4 timegroup2 acc,weekday4 timegroup3 acc,weekday4 timegroup4 acc,weekday5 timegroup1 acc,weekday5 timegroup2 acc,weekday5 timegroup3 acc,weekday5 timegroup4 acc,weekday6 timegroup1 acc,weekday6 timegroup2 acc,weekday6 timegroup3 acc,weekday6 timegroup4 acc,weekday7 timegroup1 acc,weekday7 timegroup2 acc,weekday7 timegroup3 acc,weekday7 timegroup4 acc
1,395.3396840958612,2328.093559574852,-2328.093559574852,0.03150792609361546,0.057916260493525586,0.1040800452291363,0.18000913140955957,0.031412222299444625,0.057745125328181865,0.10378752978019111,0.17954598411179234,0.031316799801071556,0.057574464941167545,0.10349574147230958,0.17908376820022662,0.031221657828732565,0.057404278197759534,0.10320467903145239,0.17862248314121046,0.031126795614423924,0.05723456396486484,0.10291434118276782,0.17816212839407464,0.027031633240362295,0.0498814010222705,0.09025433597940542,0.15787455165882983,0.02694914763294081,0.04973275449892583,0.08999677423355527,0.1574574188573831
3,407.31854677145947,2263.7101419036635,-2263.7101419036635,0.057804369079372094,0.10180884786282697,0.17315598527998435,0.27897320693471417,0.05820358825908498,0.10247892357986275,0.17420457038420717,0.28044524839275037,0.058605393101992524,0.10315290304231359,0.1752581594955744,0.281922020212409,0.05900979798042405,0.1038308023161801,0.1763167601956234,0.2834035056239662,0.05941681731361501,0.1045126374444109,0.17738037986937938,0.2848896874980467,0.046233053170244044,0.0821971708494808,0.141972956051643,0.23412992245811465,0.04655630524933444,0.08275006024839568,0.14286533308944016,0.23544260803669473
4,454.23039747950475,2317.6919800222317,-2317.6919800222317,0.044465706463393095,0.07916914460314825,0.13707174712935818,0.22688853244642299,0.04477718174429857,0.07970343510619558,0.13793826997090267,0.22817271384601076,0.04509073590186989,0.08024101718025645,0.13880938952402588,0.22946200637705585,0.04540638136485568,0.08078190685444611,0.13968511902549988,0.23075640599513447,0.04572413061596143,0.08132612017807245,0.14056547160516542,0.23205590835000456,0.03546402910488574,0.06360975153486269,0.11151061960247939,0.188231869501684,0.03571480585760582,0.06404633948756461,0.11223657039037777,0.18935084297780821
5,619.0173281068528,2230.509468234368,-2230.509468234368,0.05575808026346178,0.09836742448118929,0.1677532635833786,0.2713523634257478,0.056144009118151046,0.09901734677013806,0.16877580958012595,0.27279940675074354,0.05653244924779054,0.09967108846204635,0.1698033168303608,0.2742512623099556,0.05692341477424858,0.10032866572049821,0.17083579390277925,0.27570791520243143,0.05731691986792071,0.10099009469334135,0.17187324918257654,0.2771693501716391,0.0445770115422835,0.07936010347593522,0.13738153242419013,0.22734782634401202,0.04488922987009609,0.07989557089116017,0.13824969987822927,0.22863383855003255
6,805.8968398004957,2545.1514999955807,-2545.1514999955807,0.033171900669874785,0.05961092204944234,0.10483764225501757,0.17788696948450725,0.03340703047798714,0.06002182315663495,0.105525310551481,0.1789580033659604,0.03364376894214825,0.060435374600405996,0.10621695429430934,0.18003407363549934,0.03388212624349575,0.06085159096029034,0.10691258943497803,0.18111518697592371,0.03412211261587069,0.06127048686114722,0.10761223189529551,0.1822013498623397,0.02639339937703041,0.04769627615828106,0.0846975389995055,0.146002396440976,0.026581802670933016,0.04802924360964568,0.08526568435972287,0.14691576404182016
7,204.28818060757408,2234.8770174159295,-2234.8770174159295,0.048909088248980465,0.0867654894056547,0.1493229593209416,0.24488924123811687,0.049250084468020996,0.08734618268080321,0.15025344501857435,0.24624285527262074,0.04959333415867941,0.08793038814813521,0.15118869841252713,0.24760149797907363,0.049938850479929874,0.08851812203286395,0.15212873108458833,0.24896516096498172,0.050286646643307925,0.08910940056728571,0.15307355447877793,0.25033383550672617,0.0390446446113845,0.0698263687258899,0.12179969183449585,0.20397482829544045,0.039319708802766036,0.07030242123501555,0.12258338443277787,0.20516373547873434
8,1136.0231894045935,2550.51080080224,-2550.51080080224,0.03462395476873609,0.0737800716354076,0.15032246402660154,0.28208853553173624,0.033265894198727004,0.07099913804869945,0.14510847243143635,0.2737768141965086,0.03195933759328713,0.06831529279750814,0.1400455221766057,0.26561938528665613,0.030702467755584165,0.06572572220817714,0.1351312994576063,0.25761879252778214,0.02949352106496075,0.06322765074685198,0.13036337680037507,0.24977721905920375,0.022376242738603478,0.04837553853280417,0.10144899476071881,0.2004829858579678,0.021487883137700222,0.04650408055685666,0.09773520608577213,0.1939262493932065
9,344.623390183387,2194.6434117764325,-2194.6434117764325,0.06038657602056477,0.10613536515510676,0.1799071961796915,0.2884110522505714,0.06080247805481839,0.10683052982090037,0.18098771578706863,0.2899128700302664,0.06122105790687013,0.10752969993449274,0.1820732841894068,0.2914193054285843,0.06164233024125606,0.10823289139025126,0.18316390767648005,0.2929303393799984,0.06206630976711519,0.10894012004999448,0.18425959232566141,0.2944459524561714,0.048324864271309935,0.08576984639407112,0.14772558342019035,0.24256105119908755,0.048661995660801254,0.08634450617566836,0.148647854626069,0.24390595303353396
10,458.86376108156014,2082.801078571454,-2082.801078571454,0.04780961259630671,0.08489096058107833,0.1463134389326181,0.24049816690671244,0.04814333124989355,0.08546028225857896,0.14722841690577573,0.24183528277069388,0.048479260714280166,0.086033063134536,0.1481481237698315,0.24317745245873645,0.04881741397561378,0.08660931940373982,0.14907257154086817,0.24452466864934502,0.04915780407304129,0.08718906727144675,0.15000177210477617,0.2458769236954518,0.038158024747571226,0.06829043573831578,0.11926711483218695,0.2001229543433663,0.03842709259538985,0.0687567908096347,0.12003673945698495,0.20129508753015093
11,445.3226572668108,2039.867835905676,-2039.867835905676,0.06389683006818939,0.1119880261318429,0.18896788085426205,0.3009311091516485,0.06433525301958333,0.11271669061797396,0.19009020510023786,0.30247040969545774,0.06477647601302274,0.11344949053961342,0.19121762350376645,0.30401415979909735,0.06522051406833997,0.11418644147527852,0.19235014052869562,0.3055623373995204,0.06566738224639704,0.11492755895762492,0.19348776040592508,0.3071149200699137,0.05117215943042016,0.09061332788847871,0.15547276616345193,0.25380063854458756,0.051528079046119335,0.09121720126107452,0.1564345264120684,0.2551868635843948
12,649.2143160228002,2220.8994142563506,-2220.8994142563506,0.05595216202821884,0.09869431801300242,0.16826770681739686,0.2720806457895339,0.05633935406571031,0.09934616213784975,0.16929275074619074,0.2735301149073932,0.05672906448534203,0.10000183380923756,0.17032276026735974,0.27498438879815423,0.0571213074334617,0.1006613491829929,0.17135774385747932,0.2764434523818694,0.05751609710479831,0.10132472439852112,0.17239770980837515,0.27790729022256455,0.04473401824024576,0.07962941062072824,0.13781825947741283,0.2279949598104214,0.04504728439749683,0.08016653690788449,0.13868874306126763,0.22928354631357675
13,550.7761184792221,2103.272325595092,-2103.272325595092,0.0018105669896407923,0.015981926643758547,0.12696452107429446,0.5656313015544951,0.001841634148282228,0.01625219823207327,0.12886583972829543,0.5698141968611201,0.0018732333817303847,0.016526963639248528,0.13079136545688014,0.573987149456003,0.0019053737679951732,0.016806294967771106,0.13274127846188974,0.5781495908338584,0.0019380645387730422,0.017090265387845333,0.13471575636432992,0.5823009583951692,0.003268351390386394,0.028523781168995337,0.20817499471829745,0.7018568839785869,0.003324349075895271,0.028999898354122873,0.21099853415782974,0.7054111696117038
14,772.864624653444,2053.993884874961,-2053.993884874961,0.00606142059446475,0.032294607011744095,0.1544229967728033,0.49984502651876916,0.006060216684751072,0.03228836196932746,0.1543969029345793,0.4997950641785435,0.006059013012698374,0.03228211809427347,0.15437081270063438,0.4997451018424102,0.006057809578260305,0.032275875386379486,0.15434472607074273,0.49969513951136735,0.006056606381390545,0.03226963384544294,0.15431864304467846,0.4996451771864126,0.007949367074019277,0.04200805195034091,0.19352373752749988,0.5676892437824487,0.007947791181824818,0.04200001007250894,0.19349254848432035,0.5676401964490383
15,547.9071099503683,2212.1804125612603,-2212.1804125612603,0.03642046492593849,0.06527388542950172,0.11427498425142964,0.19248612276764515,0.03667774774107452,0.06572109357965683,0.1150166017951638,0.19362435407965725,0.036936778392854655,0.06617114876533543,0.11576240322204487,0.194767692702076,0.03719756776796566,0.06662406613276971,0.11651240396190181,0.19591614236382748,0.0374601268069036,0.06707986086768601,0.11726661939337299,0.19706970655318604,0.02899804696104491,0.05229030096587858,0.09250925656484116,0.15848925485986823,0.029204485231166467,0.05265356605875352,0.09312447108224729,0.1594661517608461
16,639.2120465057807,2188.25605634501,-2188.25605634501,0.03654172802483868,0.06548468812201916,0.11462463050033463,0.19302292077049046,0.036799834755907104,0.06593323866083002,0.11536822160575166,0.19416356310128083,0.0370596944572423,0.06638464338174746,0.11611600388602628,0.19530931453298225,0.037321318040930127,0.0668389174497149,0.11686799274703306,0.19646017868119983,0.03758471647289509,0.06729607606892828,0.11762420354263523,0.1976161589197259,0.0290953430986359,0.05246152639436289,0.09279928384005176,0.1589499057923009,0.02930245312126909,0.052825914700184724,0.09341622858086066,0.15992910243509467
17,476.6732128982128,2230.5912082249492,-2230.5912082249492,0.024036829649481055,0.04966493224538484,0.09982294256184011,0.1904835377395692,0.025384542965700002,0.05237247021286288,0.10496288730911553,0.19925833146569008,0.02680574533876188,0.055219036042220886,0.11033505162830592,0.20833331607301425,0.028304205666824817,0.0582108153814536,0.11594655287182731,0.21770923768153994,0.029883858827997503,0.06135416349285987,0.12180437459026133,0.2273859206811817,0.02342054090453666,0.0484241581416572,0.09745758143190116,0.18641479758620202,0.024734575465000845,0.05106768880835271,0.10248959911529908,0.1950473211539545
18,210.9095827929096,1974.8855005297914,-1974.8855005297914,0.03979533890318889,0.07441570974836914,0.1349223779600086,0.23228008296639632,0.03872270049798715,0.07248035673667476,0.13163720952867086,0.22724710462075115,0.037677839369773994,0.07059149829498879,0.12842015594847828,0.22229160331549214,0.03666009668703714,0.06874821551379416,0.12527038137021643,0.21741376148855343,0.035668826006662206,0.06694959731749621,0.12218703126217527,0.2126136940879944,0.027178891147341316,0.05141111645717212,0.09513554066144475,0.16940584357833788,0.026436952037991027,0.05004170479192161,0.0927152984734712,0.1654416253423383
19,362.46947933280194,2125.1137574143645,-2125.1137574143645,0.01370338793581613,0.03711276572284401,0.09659564582364234,0.22876500048897513,0.015872603475509867,0.042826727300141684,0.11041752842081151,0.2561369663920727,0.01837880233232798,0.0493753114042633,0.12594146894022112,0.2855713246550965,0.021272163043584418,0.05686574227364596,0.14329639552971124,0.3169469550335616,0.024609603764632598,0.06541430834207852,0.16259796875132546,0.35008062196252837,0.01235192768495888,0.033531106153205065,0.0877968708286162,0.2107354337460076,0.0143103140869044,0.038715800005005394,0.10049979589031277,0.23661198158347088
20,317.27995848822815,2174.2839681890114,-2174.2839681890114,0.08119866987368708,0.14035936837589064,0.2317518314900723,0.3578787197686269,0.08174544117242787,0.14124327270026485,0.2330552412240671,0.3595594900903693,0.08229556451606776,0.14213182302687616,0.2343637452574139,0.3612437132871264,0.0828490560052087,0.14302503217838,0.23567733838340496,0.36293135491673706,0.08340593175730246,0.14392291286223713,0.23699601508202423,0.3646223802142298,0.06526867897175295,0.11426634710258178,0.1924728588248299,0.3057299427735487,0.0657158539589607,0.11500791587153661,0.19361103050840886,0.3072830002257582
21,341.9630172683231,1915.0983029819208,-1915.0983029819208,0.04400251003046008,0.07189319110648948,0.11532950990718827,0.17992162648390647,0.04270542689457966,0.06983401742400291,0.11217659826581435,0.17535288824800552,0.04144492092839236,0.06782951243563153,0.10909925208049685,0.17087599044662255,0.04022005726636125,0.06587846942756913,0.10609623844977348,0.16649031529128674,0.03902991928201789,0.06397969429133914,0.1031663123584579,0.16219518250930828,0.04297546970818228,0.0702630137987034,0.11283415550952058,0.17630723162462886,0.041707340344000574,0.06824709844158201,0.10974100024192794,0.1718110450362215
22,475.62537761601453,2375.2480794175294,-2375.2480794175294,0.030321103108537088,0.06844382622969054,0.14722104159301658,0.2885806758781138,0.0296116077600316,0.06690383002962744,0.14418288737755827,0.28359545342926223,0.02891821906517931,0.06539605150151503,0.1411970495999035,0.2786626175531989,0.02824059431745604,0.0639199252949975,0.13826305508870848,0.273782792981337,0.02757839703686585,0.06247489108417924,0.135380416611403,0.2689565598527508,0.02429495143209938,0.05527287400051733,0.12085737990185509,0.24415038553939378,0.023723014621714122,0.05401204375997814,0.11828781862942649,0.2396741168023491
23,519.2642745478039,2223.4192887477557,-2223.4192887477557,0.05773673719048697,0.10169528723277395,0.17297816836360894,0.2787233548615014,0.058135518098972536,0.10236470070929311,0.17402590329375497,0.2801945902687382,0.05853688223129702,0.10303801519697905,0.175078640922418,0.2816705588535936,0.05894084395178037,0.1037152467656093,0.17613638886430452,0.2831512439074373,0.0593474176717051,0.10439641146215427,0.17719915453803306,0.2846366283620992,0.046178296331462185,0.08210348603894554,0.14182166899904944,0.23390720365066517,0.04650118422779981,0.0826558020293646,0.14271325327973772,0.23521902403302405
24,484.9538040513446,2203.1426201816566,-2203.1426201816566,0.05350488969042041,0.09456482661447888,0.16174959809231518,0.2628118557206171,0.053876112951515134,0.09519227734675823,0.16274270465498455,0.2642298706603137,0.054249764179761656,0.09582345070204143,0.1637407176172116,0.2656527794718063,0.05462585720162448,0.09645836291038305,0.16474364659214782,0.2670805693568587,0.05500440589366384,0.09709703019391203,0.16575150102415526,0.26851322716781895,0.04275519052420544,0.07623015097602312,0.13229204938527137,0.21977457020488422,0.0430552237997168,0.07674626012361496,0.13313301823004778,0.22102999838761272
25,451.804756871036,2351.876506652881,-2351.876506652881,0.044966715716708676,0.08002842005821532,0.13846497748374786,0.22895246614136627,0.045281534178402465,0.08056800218809276,0.1393388856991174,0.23024485031202996,0.04559845149440388,0.08111090162981362,0.14021741182277314,0.23154233897334425,0.045917480180045454,0.08165713444448665,0.14110056891877806,0.232844927588982,0.046238632804509745,0.08220671671201275,0.141988369940765,0.23415261131356255,0.03586742072853541,0.06431194507074534,0.11267796543725031,0.19003059054423285,0.0361209431605493,0.06475301927647752,0.11341054577630756,0.1911577388271662
31,604.5125605060502,2395.3109252600166,-2395.3109252600166,0.018305205388071764,0.042011216878416136,0.09349370702244994,0.1952095607713417,0.02017161562599733,0.046181002382276896,0.10222806306751728,0.21123215259206377,0.022224018124684657,0.05074273442205532,0.11167787352548904,0.22819696235552603,0.024480029228824775,0.055728744157485695,0.12188261941675398,0.2460991690339237,0.026958738974179913,0.06117310952242214,0.13288035541419985,0.2649237375941495,0.018256899380488998,0.04190302281981033,0.0932658349820928,0.19478704734148927,0.020118485245018223,0.04606258596454438,0.10198129770758167,0.21078404266628503
41,369.7905646019583,2265.784397003545,-2265.784397003545,0.033606021136270314,0.06783065650399475,0.1321439338548434,0.241629216138839,0.034089028811766245,0.06877055846461652,0.133847039789889,0.24434610708224858,0.03457873019222251,0.06972251013556029,0.13556866696031353,0.2470835938076233,0.03507521085918655,0.07068663888283688,0.13730892827499858,0.24984160940407413,0.035578557280667125,0.0716630726611877,0.13906793499103498,0.25262008144153913,0.030875429554119527,0.062499053775483475,0.12242108673408073,0.22594800414119443,0.031320463327715806,0.06337010018881792,0.12401678895709767,0.2285417104386928
51,475.30820073850305,1895.294448194244,-1895.294448194244,0.06954284522267694,0.12133266277798303,0.2032656370693802,0.3203541012219637,0.07001711026522614,0.12211376822764093,0.20445147228398183,0.32194699799535165,0.0704943646322259,0.12289919887240805,0.20564243996595255,0.3235440446580331,0.07097462381620004,0.12368896959747089,0.20683854151284176,0.3251452146539057,0.07145790334395005,0.12448309522000228,0.20803977805902862,0.3267504810688793,0.05576077977406775,0.09837197199361285,0.16776042195982133,0.27136250114632277,0.05614672620235627,0.09902192102859307,0.16878300274152758,0.272809578291915
62,424.8035334386515,2110.8315339008705,-2110.8315339008705,0.04772834666690769,0.08475227461014914,0.14609042678204537,0.24017198527749772,0.048061526703187245,0.08532075290772648,0.14700425029033135,0.24150786430397628,0.04839691438297355,0.08589268644551909,0.14792279973179648,0.24284879889543007,0.048734522679435795,0.08646809141560509,0.1488460871540086,0.244194781809705,0.049074364618772834,0.08704698402077506,0.1497741244749053,0.245545805479504,0.038092508107391856,0.06817684947698675,0.11907957660013381,0.19983712439635576,0.03836113239589744,0.06864248601546555,0.1198481557281157,0.20100800416373393
63,376.84199566795456,2099.0676483343777,-2099.0676483343777,0.05267274584488213,0.093156943295432,0.15951768803648955,0.2596173321501745,0.05303851912236395,0.09377602002701989,0.1604997149622947,0.2610242138875184,0.05340668922793273,0.09439878258760483,0.16148662589626972,0.2624360172063532,0.053777269873698505,0.09502524722059123,0.16247843082495497,0.26385273009565674,0.054150274822387726,0.09565543016427158,0.1634751395716254,0.265274340197725,0.04208279979306896,0.0750726021345936,0.1304033776145476,0.21694922013205092,0.04237832347925595,0.07558151542371709,0.1312341561733246,0.21819302237797678
64,573.9722065798773,2213.631309018715,-2213.631309018715,0.049434063649294396,0.08765935286576086,0.15075490576185005,0.24697156483612592,0.04977852845265318,0.08824545040837575,0.15169272329322728,0.2483329035477356,0.050125266972175016,0.08883508508124797,0.1526353262632641,0.24969925789713776,0.050474292447550265,0.08942827312003697,0.15358272604106046,0.25107061898228783,0.05082561817080052,0.0900250307658399,0.15453493385434827,0.2524469775675278,0.03946813191230686,0.07055920730875442,0.12300586598601905,0.2058040711697818,0.0397460561171406,0.07103987448615172,0.12379622542407448,0.20700086784725957
65,579.4002385077378,2286.8877560138435,-2286.8877560138435,0.05003072932353148,0.08867435518861308,0.152378466793978,0.24932711775470898,0.050379131440338454,0.08926657511533857,0.15332456073763825,0.25069711792394256,0.05072983018446037,0.08986236023107452,0.15427545967701306,0.2520721181384565,0.051082838885916686,0.09046172678019214,0.1552311747354366,0.25345210891872694,0.05143817092678,0.09106469101060752,0.15619171689079872,0.2548370804489144,0.03994956485512084,0.07139170193288982,0.12437434922519772,0.20787536954044236,0.04023073719279449,0.07187760169916563,0.12517224667100968,0.20908104028218275
66,403.8456679345318,2219.1103034924845,-2219.1103034924845,0.012264219891604582,0.024948116135353464,0.05008477955137985,0.09800249762324695,0.01426019565418713,0.028947870701224426,0.057875312909031446,0.11236482067138973,0.016575560962211473,0.03356680202489245,0.0667924335918102,0.12853202166927769,0.01925951687931706,0.038893212749081474,0.07697120955695044,0.14664108997386593,0.02236818069339314,0.04502544591684577,0.08855397620240267,0.16681318972950607,0.01786601651294427,0.03613147409690057,0.07170735134729099,0.1373215258380273,0.020754516361835854,0.041847227476833886,0.08256886115602743,0.15644664795258453
67,436.4080610380118,2146.039615033581,-2146.039615033581,0.014986166288613607,0.03139622915342309,0.06459711986288627,0.12825827716062618,0.017732541765674133,0.03703684818029087,0.07573618426187267,0.14863071442206377,0.02097150436213236,0.04364519268431513,0.08861409285873004,0.1716020985505359,0.024787155027508227,0.051369739297102285,0.10343665850163239,0.1973010210085965,0.029276282447260188,0.060375107695357984,0.12041103624901152,0.2257995447653969,0.017417386409835395,0.036391313836054574,0.07446830077962677,0.14633572706857587,0.020599991106405938,0.04288960812873106,0.087150951156168,0.16902283149193756
68,513.1567253750818,2056.399500504749,-2056.399500504749,0.016250190293793692,0.031903768537829585,0.061690626101718965,0.1159568131264119,0.017402696851632298,0.03412795385410946,0.06585016419657926,0.12329450357933237,0.018635393831808678,0.03650135280717767,0.07026915895261827,0.13102769989823973,0.01995363413173094,0.03903313743610229,0.07496090212841669,0.13916893756932558,0.02136309486253886,0.04173292389115159,0.07993897015372795,0.14773002411366531,0.019964160678945443,0.039053328291931345,0.07499822708830912,0.1392334212306089,0.02137434875456737,0.04175445059837807,0.07997855951340598,0.14779779347661212
69,436.00036118003874,2133.6507689684763,-2133.6507689684763,0.027386810081933673,0.05296848568230434,0.09998911372987744,0.1807823704693907,0.030318725936148642,0.05847441618723714,0.10981594664935201,0.19681311626219755,0.0335536919439851,0.06451368521125901,0.1204792688825792,0.2138942253914267,0.0371206109376186,0.07112957147762919,0.1320244528245588,0.23202952058076753,0.041050604581203624,0.07836708208550076,0.14449422063630035,0.2512110706810612,0.029378439298770286,0.05671199547120568,0.10668142584565705,0.1917302374787777,0.032516442313612975,0.06258133949795264,0.11708041215500581,0.2084847176428845
70,486.8224729748223,2234.5421832178877,-2234.5421832178877,0.07003594116228035,0.12214477011943038,0.20449850844872192,0.32201012399243334,0.07051331415320432,0.12293037224469201,0.2056896792836081,0.32360733434713396,0.07099369257494367,0.12372031503795854,0.20688598403332417,0.3252086669766722,0.07147709195564386,0.1245146133136723,0.20808742382178513,0.32681409495280755,0.07196352785708256,0.12531328181629509,0.2092939995072727,0.32842359099020746,0.05616205198053311,0.0990477218657295,0.16882357438384943,0.2728669468802218,0.056550609462980246,0.09970164191086513,0.16985131300613707,0.2743190262972689
71,518.0603253745317,2156.0834073133883,-2156.0834073133883,0.026621173577702134,0.05728325148730992,0.11894606269097203,0.23073958017776475,0.02621615796544703,0.056438790203831815,0.11730569048997413,0.2279563703764346,0.02581714084304483,0.05560604354619045,0.11568497012283012,0.2251969041445377,0.025424038309944816,0.05478487054286278,0.11408374789281747,0.22246121668433586,0.025036767489549645,0.05397513128355482,0.11250186900239899,0.21974933674888608,0.02455265173145109,0.05296185399062057,0.11051822413627291,0.21633564109599923,0.02417832497829577,0.052177572141926885,0.10897970288916406,0.213677912967115
72,300.0286136236738,1993.5749674559104,-1993.5749674559104,0.06977262467866754,0.1217111791853849,0.20384045948434507,0.3211265838411059,0.07024833845092472,0.12249438170687395,0.20502878519688802,0.32272149777101994,0.07072704906154051,0.12328191665534627,0.2062222440877222,0.3243205487478169,0.0712087720197498,0.12407379888321796,0.20742083742698206,0.32592371004156573,0.0716935228687655,0.12487004317397545,0.20862456622048062,0.3275309545647582,0.05594775948819294,0.09868690391632218,0.168256041922124,0.27206413829438586,0.05633492287787663,0.09933870447050061,0.16928102925398258,0.27351355251467835
73,344.2155400248495,2080.7635000885016,-2080.7635000885016,0.019626812047461716,0.050705409166664266,0.12473486510682748,0.2754816010425586,0.017778075875654994,0.046066799732905644,0.11413819559899728,0.2558215221903121,0.016100620431792532,0.04183383720482021,0.10433444107587975,0.23710534261213695,0.014579092479096781,0.03797434732876185,0.0952821943427698,0.21935484385589873,0.013199421791612284,0.034458119671547265,0.08693910208523414,0.2025803386066438,0.014555880377967841,0.03791531966721606,0.09514289671795263,0.21907808163790699,0.013178376956611055,0.03440436220034394,0.08681083126760579,0.2023192557463023
74,621.4501978417267,2456.9837192428035,-2456.9837192428035,0.047954879299663015,0.08513882259325305,0.146711888388065,0.24108067331558056,0.048289560514401496,0.08570965086779085,0.14762892718742232,0.24241999407722523,0.048626458196790935,0.08628394540212769,0.14855070013386082,0.24376436550988068,0.048965585356107365,0.08686172239574232,0.14947721918696777,0.24511378015028168,0.04930695505457196,0.08744299805813738,0.1504084961751349,0.24646823020883105,0.03827514447431464,0.06849345587639087,0.11960222914141148,0.2006335018658933,0.038545005085648114,0.06896109475424657,0.12037372068654413,0.20180787091169194
75,873.641886913064,2502.4516899498635,-2502.4516899498635,0.05222672883883418,0.09240155547991429,0.15831813952339646,0.25789602074760426,0.05258957679802289,0.09301612716632005,0.15929418135679962,0.25929684140973014,0.05295480481239017,0.09363436472484868,0.16027509471211446,0.26070259793385175,0.05332242653157787,0.0942562844035205,0.16126088977309877,0.26211327873302803,0.05369245565610996,0.09488190244673582,0.1622515765632248,0.2635288718752049,0.04172250588661756,0.07445181671977971,0.12938906001029965,0.2154284918303542,0.04201561040815433,0.07495686277844489,0.13021434415235728,0.21666598789386685
76,293.6117676306444,2076.6882216488384,-2076.6882216488384,0.06958073679442035,0.12139509126731397,0.2033604652225551,0.3204815814973231,0.07005524079204954,0.12217654273117802,0.20454671162803179,0.32207481175857294,0.07053273535421907,0.12296232058531692,0.20573809062250142,0.32367218979447115,0.07101323597622185,0.12375243970953671,0.20693460358251398,0.3252736890202008,0.07149675818757932,0.12454691491547894,0.20813625162125896,0.3268792824930237,0.055791612233182686,0.09842390999514039,0.16784217552157027,0.27147827322032225,0.05617775937069896,0.09907416447999205,0.16886515351783518,0.2729257364877701
77,1135.7073949350772,2766.828142936782,-2766.828142936782,0.055839988567278134,0.09850539584253645,0.16797042579635443,0.2716598614787045,0.05622645059064112,0.09915612946941578,0.16899402672169944,0.2731079299809809,0.056615426889726386,0.09981068593979192,0.17002259073902384,0.27456080757658474,0.05700693159675191,0.10046908141401399,0.1710561263781858,0.27601847928897905,0.0574009788924014,0.10113133203640563,0.17209464198501556,0.27748092978585726,0.0446432714815993,0.07947376485292658,0.1375658763387147,0.22762103582154342,0.04495593205858232,0.0800099325273308,0.13843502178135142,0.22890813560583603
78,430.59859501669035,2193.547792719397,-2193.547792719397,0.05622426841046955,0.09915245620665843,0.16898825161983583,0.2730997662205813,0.05661323051873835,0.0998069911153577,0.17001678767892006,0.2745526167903263,0.0570047209552699,0.10046536493698971,0.17105029531234522,0.2760102615621502,0.057398753900476,0.10112759381597225,0.17208878286698423,0.2774726852057514,0.05779534358294248,0.1017936938793375,0.17313225850321445,0.27893987203419607,0.04495416645845516,0.08000690554697419,0.13843011702301822,0.22890087701078457,0.045268901225536354,0.08054635531817887,0.13930384079533434,0.2301930569118242
79,731.1111192730448,2330.364268325996,-2330.364268325996,0.046965138157578495,0.08344890957172722,0.1439921753974733,0.23709766351740758,0.04729325501649905,0.08400944796131819,0.14489510104375725,0.23842180830306584,0.047623549678538414,0.0845734041384087,0.14580272423707147,0.23975102418725766,0.04795603499360871,0.08514079426645593,0.14671505731642115,0.24108530467397316,0.048290723864917284,0.08571163452192125,0.14763211249646757,0.24242464294621024,0.03747731909981146,0.06710969932167084,0.11731597463230599,0.19714514808407488,0.03774177535844757,0.06756857590449752,0.1180746965977415,0.1983041640596419
80,238.0862071734477,2244.5826519596794,-2244.5826519596794,0.06373981447346735,0.11172693928039526,0.18856543411158314,0.3003785266396061,0.06417723393581355,0.1124541200996785,0.1896859271635604,0.30191622138515434,0.06461744804780906,0.11318543074010326,0.19081151271099125,0.30345837353747307,0.0650604718144126,0.11392088679627223,0.19194219530090648,0.305004961164382,0.0655063202817829,0.11466050381753094,0.19307797924828093,0.30655596196989937,0.05104470750041104,0.09039700081046673,0.1551280099058989,0.25330324070260113,0.05139978866678941,0.09099957678014187,0.15608803164693535,0.25468767627455985
81,549.0706800518135,2253.3639429174095,-2253.3639429174095,0.05705620712854285,0.10055191879877473,0.1711860875186626,0.2762016152436208,0.057450574279021054,0.10121465401201138,0.17222522821488456,0.27766466392126005,0.05784750003472457,0.1018812625214394,0.17326935804802415,0.27913247370176963,0.058246998678361396,0.10255176043275871,0.17431848496453112,0.2806050284938653,0.0586490845401596,0.10322616383131486,0.17537261671905896,0.28208231184793564,0.04562740601680202,0.08116048856228841,0.14029761626615195,0.2316607062925715,0.045946627529642424,0.08170702562138109,0.14118119557734718,0.23296375893521767
82,440.8704394930505,2446.3844879426706,-2446.3844879426706,0.04876128806979245,0.08651369565976912,0.14891922725411108,0.24430132664142679,0.049101307019078645,0.08709286447182182,0.14984764031134107,0.24565274818844518,0.04944357372581633,0.08767553841258396,0.15078081597864032,0.24700920195919848,0.04978810132604492,0.08826173370385469,0.1517187658970656,0.24837067970487806,0.0501349030084277,0.08885146657497589,0.15266150157092087,0.24973717284626976,0.03892543413161117,0.06961998487673321,0.12145975069174524,0.2034586725484409,0.03919969275978809,0.07009473636165525,0.12224156047438696,0.2046453446580419
83,339.84352818108505,2138.562386067023,-2138.562386067023,0.06752177151622128,0.11799733421398387,0.19818604810898158,0.3134998196649416,0.06798326039734702,0.11875986988223816,0.19934966406853055,0.3150744346255817,0.06844767187629679,0.11952666549959985,0.200518403456114,0.31665331040186306,0.06891502129016551,0.12029773622451587,0.20169226878207702,0.31823642199752183,0.06938532401287979,0.12107309715543506,0.20287126230399258,0.31982374405526715,0.05411694834911842,0.0955991413832754,0.1633861522748489,0.26514750299200585,0.05449217366163226,0.09623272553339614,0.16438733641091524,0.2665735630076241
84,335.5544172206388,2237.236140664625,-2237.236140664625,0.07967332675251329,0.13788945919733517,0.22810042147440873,0.353153590759696,0.08021072345180952,0.13876032011407197,0.22938942692072156,0.35482443220823323,0.08075142685003187,0.1396357902382143,0.23068353968940974,0.3564988219859606,0.08129545299537651,0.1405158827056689,0.23198275544746894,0.3581767265735956,0.08184281795541312,0.14140061054335815,0.2332870695541666,0.3598581121229602,0.0640217342230672,0.11219567073895556,0.18928783407838323,0.3013701915273805,0.06446095517905764,0.11292551448082329,0.19041161245997268,0.30291076484413426
85,445.27418672597275,2305.7919453745194,-2305.7919453745194,0.014462053123767622,0.03595765099787031,0.08659579547078843,0.19418214160134498,0.01538408016507513,0.03819701290725107,0.09168884974077078,0.20418827918472787,0.016363914918613612,0.040569968234024596,0.0970496208142855,0.21457273244592143,0.017405053622083673,0.04308373774956709,0.10268838567023467,0.22533577076748787,0.018511187189162802,0.04574583728214719,0.10861536377988851,0.2364761404899716,0.01266454060429397,0.03157400994079034,0.07652885799581838,0.17399050302637845,0.013473534107274423,0.03354986936534439,0.08108239277513264,0.18319271008717078
86,372.7931645569616,2019.7378470916497,-2019.7378470916497,0.01777916173741265,0.039181400858862236,0.08414027731148127,0.1714803014147392,0.01800417163290404,0.039666335051475925,0.08513234865525023,0.17330730345947576,0.018231976354734683,0.04015702025608225,0.08613501709658047,0.17514965592228418,0.018462609271553097,0.04065351843639629,0.087148369808469,0.17700740011772292,0.01869610411615964,0.04115589206843257,0.0881724940609218,0.1788805755085788,0.02864163928794595,0.0622906759437809,0.13017383444819602,0.2521426952948447,0.02900006385278827,0.06304285885682767,0.13163066443117938,0.2545650449912661
87,286.45552071235034,2345.1119638989735,-2345.1119638989735,0.030442640822275244,0.0652710533292133,0.13442116911138713,0.25671116765354135,0.029278237323787017,0.06286086428612492,0.1298121650834798,0.24911588234556778,0.02815707778920911,0.060533909908546665,0.12533831002403228,0.2416722523742721,0.02707765353826543,0.05828773607304317,0.12099720289448479,0.23438161402445767,0.02603850117851651,0.056119930067048386,0.11678637488876643,0.22724500718075924,0.02611521303997524,0.05628014359054815,0.11709829508184914,0.22777586311882084,0.02511204268339494,0.054182706909905926,0.11300570913961373,0.22078239062254096
88,307.9564497863251,2131.7198693084906,-2131.7198693084906,0.061874006029091176,0.10861940328868361,0.18376286610408862,0.2937591544083057,0.0622994732401238,0.10932884790930035,0.1848613228423237,0.2952772649397902,0.06272767048793881,0.11004235420793415,0.18596484972135569,0.2967999238203831,0.06315861259347189,0.11075993795643277,0.18707345226623429,0.2983271106963121,0.06359231442080844,0.11148161488850615,0.18818713578074756,0.29985880485013483,0.049530854059004766,0.08782407230671033,0.15101856175097753,0.24735448252173442,0.049875957925773505,0.08841116445176257,0.15195772595886725,0.24871723478571703
89,279.3921449913909,2089.4498717510655,-2089.4498717510655,0.05022798159249424,0.0890096891969022,0.1529142841302889,0.2501032518996297,0.05057768419392638,0.08960392848363197,0.1538631009866497,0.25147608808667715,0.05092969097398997,0.09020174216893713,0.1548167291630333,0.2528539189855981,0.051284015292237466,0.09080314649933498,0.15577517970060203,0.25423673492637616,0.0516406705601787,0.09140815772425664,0.15673846349372986,0.25562452590181495,0.04010874902962249,0.07166681892338868,0.12482619573746401,0.2085583177277014,0.04039099459880017,0.07215444567151669,0.12562657602731525,0.20976690059282216
90,-12.387447916666618,1560.9919189542502,-1560.9919189542502,0.014601794778557197,0.01175357392788519,0.00945559489796035,0.007603444392209809,0.014619407288614186,0.011767791975250644,0.009467059758849646,0.007612680789167088,0.014637040727112987,0.011782027016832015,0.009478538387804906,0.007621928320001066,0.014654695118160593,0.011796279072445359,0.00949003080103735,0.007631186997923412,0.014672370485889959,0.011810548161928662,0.009501537014776473,0.007640456836160983,0.01904520433241956,0.015343749559600994,0.012352617504457411,0.00993869541230179,0.019068072718511617,0.015362243054669567,0.012367551133305218,0.009950740145761165
91,120.25289682539683,1377.5947428833001,-1377.5947428833001,0.008019453475180259,0.007516505794006217,0.007044876944932722,0.006602643935311122,0.007948917789292494,0.0074503605963019155,0.006982852877122778,0.006544487686265525,0.007878997577495375,0.007384793144793738,0.006921371071398653,0.00648684033396678,0.007809687555656296,0.007319798469053023,0.006860426853626924,0.006429697483982776,0.0077409824834970675,0.007255371640081876,0.006800015588793408,0.006373054778798908,0.011200374593330696,0.010500044042533158,0.009843067446824207,0.009226813873285234,0.011102174012555631,0.010407919060032241,0.009756649790873264,0.009145756669120899
92,-131.74019157088122,1403.2439069155516,-1403.2439069155516,0.0060853942833475295,0.007994783558582448,0.010496946859507961,0.013771351998078583,0.0056846112664712175,0.007469193510872649,0.009808486997870102,0.012870928233874089,0.0053100827294370635,0.006977913554008168,0.009164762716925134,0.012028659571992797,0.0049601067745449175,0.006518734896960003,0.008562920276738568,0.01124088100146572,0.004633089532406968,0.006089587001391472,0.008000281219554446,0.01050414692872921,0.002972914717773027,0.003909555418801505,0.005139771059227986,0.006754472354495249,0.002776546426034024,0.0036515463021607616,0.004800965796632801,0.006309903721978749
93,-66.40687037037041,1946.2223798387458,-1946.2223798387458,0.009637371320144323,0.006865542020232071,0.004886991831032442,0.0034766352246486066,0.008247622339426922,0.005873131949733945,0.00417937647190926,0.002972623393692461,0.007056852926091788,0.005023448565703144,0.003573852793668107,0.0025414923934674294,0.006036957075782986,0.004296160161284378,0.003055790437030206,0.002172753715579053,0.005163695733956582,0.003673778847230267,0.0026126290083237492,0.0018574147724549335,0.011897602695089372,0.008481269480878654,0.006039921747727159,0.004298273647100742,0.010185270999105264,0.007257013564159563,0.005166233787474025,0.0036755872842766184
94,-611.3178070175439,2244.8061280610405,-2244.8061280610405,0.004097832388059068,0.004070307168916951,0.0040429660866330985,0.004015807919427797,0.004258167502076365,0.004229569882762717,0.004201163513165185,0.004172947125128747,0.00442474814538306,0.004395036717567066,0.00436552392208842,0.004336208442723455,0.004597815377068489,0.004566947163275131,0.004536285244035957,0.004505828253308887,0.004777619383181762,0.004745549779706076,0.004713694422755495,0.004682051894661898,0.007724711846729992,0.0076730125060481226,0.007621656516932242,0.007570641634536643,0.008025811573391817,0.007972113246546316,0.0079187713312211,0.00786578350006409
95,-546.5946296296296,1610.8186472537168,-1610.8186472537168,0.0077883421351760155,0.0076819848963622294,0.007577068975675987,0.007473575141788319,0.008658817456193584,0.00854067536816559,0.008424131529063966,0.008309164688818593,0.009625638881587555,0.00949443168918728,0.009364996071550181,0.009237308566728386,0.010699248013877482,0.010553562389161695,0.01040983960988845,0.010268053795110577,0.011891165881533557,0.011729443007397021,0.011569893851493231,0.01141248989289545,0.011114843026965861,0.010963561192323851,0.010814315905844012,0.01066708036064462,0.012352480937862174,0.012184561427803336,0.01201889683536429,0.011855457630666814
96,-1079.4725854700855,1771.6825555646292,-1771.6825555646292,0.005726740507874115,0.006216061290691072,0.006746908327196922,0.007322755262150212,0.005130878620688832,0.0055695712416594005,0.006045544367013148,0.006561925536935696,0.004596728961045607,0.004989980593982321,0.005416691955660091,0.005879677332220757,0.0041179567332393415,0.004470433199514543,0.004852932866000062,0.005267986826288389,0.003688866218412839,0.004004762381379863,0.004347592275648529,0.004719631242907404,0.005506702221454607,0.005977334882451901,0.006487927957376295,0.00704182769189174,0.00493362150334656,0.00535553933482185,0.005813328314467654,0.006310000630608513
97,269.7540648148148,1558.8118506842989,-1558.8118506842989,0.005443057617839411,0.010932217076643694,0.021835493101257934,0.043138885619972554,0.0040658287169950715,0.008177514220871426,0.01637887683977505,0.032535698307654154,0.0030360092104876066,0.006112652217813298,0.012268747629048487,0.02447203438890515,0.002266435488603678,0.00456677719242319,0.00918039140208944,0.01836892809902128,0.001691603870515333,0.0034105087060569968,0.006864050570754155,0.013766402954323033,0.002186407851765607,0.004405883373479615,0.008858400117029977,0.01773042689447471,0.0016318402902038658,0.003290217162241797,0.006622759141777566,0.01328571957420002
98,-217.58242483660135,1760.9814681574808,-1760.9814681574808,0.016655157515005976,0.03351992551054849,0.06631015105840755,0.12696302402660045,0.01213643142637472,0.024539789662121423,0.04899066096016024,0.09542066107544771,0.008832672978749739,0.017920862160306212,0.03602031733152243,0.07107662314125733,0.006422411048363225,0.013063298490755047,0.02638860539458776,0.05258229385017377,0.004666765230198665,0.009509658749356265,0.019280867743854162,0.03869975545021686,0.00438237015333966,0.008932783926209577,0.018122096779388388,0.03641725549754332,0.003182608529107201,0.006495382720433096,0.013210720926663623,0.02668234151301805
99,-719.1564871273713,2143.7336155794173,-2143.7336155794173,0.019523949054070875,0.022783023212631936,0.02657138141835539,0.030969703841359077,0.0202493367426093,0.023626579854387045,0.02755124993609784,0.03210641889241723,0.021001098027003746,0.02450058667018524,0.02856619250604094,0.0332834230093349,0.021780148189741496,0.02540608390448892,0.02961738515268521,0.034502037378492056,0.022587430987561906,0.02634414291024201,0.030706037389431742,0.035763618563987416,0.01760519869750448,0.020550694900742995,0.023976969377273123,0.02795817687887032,0.018260625336991337,0.021313400793609105,0.024863607910322286,0.028987663114321032
100,-775.9178205128205,2020.584554237024,-2020.584554237024,0.003522403014460467,0.006013276137791024,0.010247460376122857,0.01741087648017886,0.004801055485941056,0.008188699416584634,0.013933212719947062,0.0236116631329998,0.006540819422507585,0.011142303632839022,0.01891929651569251,0.031949019768884,0.008905382199446992,0.01514498354737515,0.025643278494399332,0.043100371023490056,0.012114331236406763,0.0205556671059601,0.03467253072481195,0.057911101084820754,0.0036038712940915044,0.006151999174110107,0.010482833597007322,0.017807825353789625,0.0049119514409036065,0.008377185334831762,0.01425202469888538,0.024146509029826558
101,138.35421067738238,2266.1946624372963,-2266.1946624372963,0.08218013456507046,0.1419454466538219,0.23408942800444565,0.3608908878106969,0.08273291970110518,0.14283767956509374,0.23540195632836558,0.3625778167604241,0.08328908572504015,0.1437345813584368,0.23671956940638555,0.3642681366816359,0.08384864876699845,0.14463616464865509,0.23804226146939755,0.3659618125557282,0.08441162497229315,0.14554244193136456,0.2393700264315537,0.3676588090454023,0.06607144094286617,0.11559722053205697,0.19451457558993318,0.3085140735577216,0.06652372446371112,0.11634629190016807,0.19566189540571985,0.3100749574193892
102,-117.728777065527,2229.5901869561735,-2229.5901869561735,0.05142502639660952,0.0910423922084051,0.15615621038420063,0.2547859203282092,0.05178260880152896,0.09164883681562563,0.15712141187406453,0.2561756793446906,0.052142540967261855,0.09225891100683062,0.1580914615796822,0.25757039885741345,0.052504836429092996,0.09287263103382729,0.15906637003400942,0.25897006804523176,0.05286950877364329,0.09349001314745373,0.16004614761510289,0.2603746757448905,0.0410750596395319,0.07333534785668783,0.12756230335054275,0.2126837527001661,0.041363812119689314,0.07383342448243045,0.1283776539776844,0.21390978075605524
103,362.6950568063378,2122.7097965426424,-2122.7097965426424,0.07759311109934222,0.09826034920101752,0.12369419892186514,0.15458281939903706,0.07402612642364585,0.09383993907614005,0.11827968437508447,0.14804463126433498,0.07061056499177133,0.08959862957872015,0.11307159937276666,0.14173661809568,0.06734113642084481,0.08553092188378311,0.10806473049880497,0.13565458549817802,0.06421263061521075,0.08163132639565497,0.10325375787958896,0.12979406940976304,0.04188191502016258,0.053589949317723734,0.06833750585420592,0.08677138543033545,0.03988560098884665,0.051065311904477835,0.06516594540125015,0.08282035582239258
104,-19.98187855864647,2358.458027717313,-2358.458027717313,0.07180259012381841,0.12504911037641597,0.20889507019295145,0.32789175386328456,0.0722910687321048,0.1258507144482231,0.21010508646152176,0.3295039594194382,0.07278260992006787,0.12665671320664523,0.211320239461767,0.33112018668122867,0.07327722933614338,0.12746712119991335,0.21254052933125908,0.3327404074146334,0.07377494266001647,0.1282819528991967,0.21376595593335268,0.33436459303222366,0.05760040999218568,0.10146634265601309,0.17261958369701152,0.27821930464386824,0.057998307261855085,0.10213442044068587,0.17366560275508655,0.27968891113864436
105,73.20500341530054,2515.2725249362293,-2515.2725249362293,0.03252167016991851,0.06330850757711887,0.11963595053838498,0.21459786146500254,0.03566080341897288,0.06920674693452877,0.13005339971250046,0.23111347567827775,0.039090696735725704,0.07561014787362727,0.14123243769513044,0.24849798779951038,0.04283582706906507,0.08255347993402062,0.1532031713643122,0.2667365256636926,0.046922243116939925,0.09007229433036808,0.16599241458123914,0.28580459114041873,0.02616609123976227,0.05125512611604974,0.09798010198751311,0.17925250731221376,0.028709961023508788,0.05609764659304342,0.10674047569731024,0.19371885286151383
110,490.3480652695099,2173.3096729976196,-2173.3096729976196,0.05345254762212545,0.09447632637309224,0.16160944438069763,0.26261156709364136,0.05382342837896485,0.09510325157231203,0.1626018573509758,0.2640288884140827,0.054196735150224974,0.09573389709700823,0.16359917534681612,0.2654511053894338,0.05457248175526131,0.09636827917825569,0.16460140800506087,0.26687820527081546,0.05495068206355887,0.09700641403938151,0.16560856479410846,0.26831017496009685,0.04271288996847535,0.07615736632634781,0.13217339556653296,0.21959731001387683,0.043012639739374164,0.07667302359318667,0.13301372576422796,0.2208520122455011
111,976.1401767676764,2511.598874968109,-2511.598874968109,0.051923794090043496,0.0918881841285043,0.15750209749526484,0.256723263293257,0.05228465349900102,0.09249968932611327,0.15847405561642222,0.2581199295163618,0.05264788153797605,0.09311484674685959,0.15945087658384893,0.2595215410678835,0.05301349181371246,0.09373367264087885,0.16043257071406214,0.26092808664972944,0.05338149798401145,0.09435618325569275,0.1614191481653241,0.2623395546198009,0.04147783315756866,0.07403003746122105,0.12869933078873835,0.21439306009208103,0.04176929375120562,0.0745324527706022,0.12952087010653027,0.2156262429504651
112,424.7203823509279,2136.3036514123896,-2136.3036514123896,0.05193380122764571,0.09190514685551837,0.15752907153883625,0.25676205133819596,0.052294726347942404,0.0925167534375933,0.15850116480265514,0.25815885528923643,0.052658020476101644,0.09313201269490635,0.1594781212018658,0.25956060425902305,0.05302369722029053,0.09375094087753658,0.16045995104861535,0.26096728693991056,0.05339177023972766,0.09437355423291591,0.1614466644967289,0.26237889168021156,0.04148591516692422,0.07404397233764862,0.12872212569253497,0.21442729758035672,0.04177743007676358,0.0745464746044696,0.12954378888524026,0.21566062331079616
113,565.6259735805488,2074.039882772196,-2074.039882772196,0.05660003871715721,0.07547077949493827,0.09996643799187975,0.1312836986718198,0.06125127186308026,0.08153872545998309,0.10777427926318273,0.14115394852513846,0.06625788549797487,0.08804807930920516,0.11611327511757177,0.15163673895496022,0.07164250277735414,0.09502332153217316,0.12500709694877887,0.16275050751403725,0.07742842826899884,0.10248904645407396,0.1344785049903835,0.17451127107143335,0.07692427232634401,0.10183972700719202,0.13365669766059093,0.17349385947797735,0.08309857709551703,0.10977603524853599,0.14367584904477493,0.18585862693484967
114,1097.5810004100047,2247.379637230142,-2247.379637230142,0.05407258187039599,0.08647035818630885,0.13549882343672745,0.20605594830910126,0.053500891858239766,0.08558713008827763,0.1341883680837463,0.20422431255987966,0.052934907876801385,0.084712086916919,0.13288863840211,0.20240480753487483,0.052374580099274176,0.08384516986505065,0.1315995842467293,0.20059742677624068,0.05181985898318272,0.0829863201967921,0.13032115495688873,0.1988021623922713,0.06137652126164856,0.09769849204506788,0.1520337672287523,0.22892102476631354,0.06073256729498753,0.09671271875950721,0.1505912531026916,0.22694423815149684
115,341.36667961393607,2146.7378189782903,-2146.7378189782903,0.04375138755892264,0.07794280729214911,0.1350800651932088,0.22393045653194582,0.0440580898600987,0.0784695268517604,0.13593598067844348,0.22520277234469896,0.0443668424260649,0.07899950089644074,0.1367964617822997,0.22648020750177952,0.04467765756023521,0.07953274540521842,0.13766152198120477,0.22776275865997758,0.04499054762010989,0.08006927637927445,0.13853117464964765,0.22905042217504828,0.03488903756785927,0.06260804374543773,0.10984306932982546,0.18565675358132228,0.035135896496540635,0.06303821928418456,0.11055951498706394,0.1867639408426424
116,410.1336100879881,2211.6252196062505,-2211.6252196062505,0.052096523774680464,0.09218093312450552,0.15796752455414384,0.25739231719499955,0.052458517196577056,0.09279418745741186,0.15894181300928123,0.2587913559860025,0.05282288576625092,0.09341110180530066,0.15992096927683425,0.26019533473107104,0.05318964311495244,0.09403169241720291,0.1609050035977415,0.2616042419673352,0.05355880292488991,0.0946559755389626,0.16189392605352815,0.26301806588728466,0.04161733869724806,0.074270544890758,0.12909268578586394,0.21498370415176418,0.04190973672082451,0.07477446063039579,0.1299163616488206,0.2162193493346299
117,448.8376644522599,2325.7726585189334,-2325.7726585189334,0.043078624400085336,0.07678650255938133,0.13319856183044257,0.2211277766532188,0.04338082450452271,0.07730606321354294,0.134044403079296,0.22238873153063687,0.04368504778799729,0.07782884300750663,0.1348947797142008,0.22365481210179147,0.0439913064338436,0.07835485786826928,0.13574970543002218,0.2249260156833994,0.04429961267957976,0.07888412374678644,0.13660919382439124,0.22620233929582853,0.034347655454944365,0.06166402065474029,0.1082690842998667,0.1832200092967608,0.0345908211032148,0.06208813949723265,0.10897652055525305,0.18431595381855898
118,302.80779390681005,1962.9046826414021,-1962.9046826414021,0.06117957793209025,0.10746043538145862,0.18196579301298196,0.29127024783387984,0.06160058356515812,0.10816322877721081,0.18305591672750995,0.29278082825631474,0.06202429493429828,0.10887005781111704,0.18415110101316168,0.29429598973940685,0.06245072678850548,0.10958093831433202,0.1852513517537555,0.2958157125275916,0.06287989392061405,0.11029588608249206,0.1863566746159573,0.2973399765019511,0.04896772544828403,0.0868653674963916,0.1494830617613504,0.24512228351107604,0.04930910929310262,0.08744666521569057,0.15041436871266678,0.24647676521556502
119,620.0760659722215,2258.290897987383,-2258.290897987383,0.042221221971367094,0.07531100584014305,0.13079264505207713,0.21753220919340147,0.04251767457273439,0.0758214027728637,0.13162552819368098,0.21877841997176983,0.0428161156388427,0.07633497320993175,0.13246290683836762,0.22002976252557188,0.04311655719711572,0.07685173300511618,0.13330479494882794,0.22128623501123773,0.043419011329249704,0.07737169803838767,0.13415120639651273,0.22254783529507535,0.03365791505548049,0.06046008091989007,0.1062582597562009,0.1800983007028866,0.03389636906292288,0.06087645640685792,0.10695413304290143,0.18117971450862105
121,818.0106699921758,2307.380790177295,-2307.380790177295,0.012491911386428373,0.017574464552994495,0.024673275650861057,0.034538684334979274,0.01622000763313575,0.022784404609648708,0.031919280437964055,0.04454960842120444,0.021037017761155293,0.029492462964373183,0.041203380694052126,0.05728998448139042,0.027244963280779858,0.03809847386135655,0.05303992034280616,0.07339399516763825,0.03521894487646657,0.049088729867989137,0.06803547314958648,0.09357544788539275,0.03439629017261176,0.04795820497740793,0.06649911502192339,0.09151898873252456,0.044367838458617484,0.061610519510244426,0.0849584860297863,0.11606009786319181
122,728.7819187882376,2227.748369533617,-2227.748369533617,0.035057169682433005,0.05245909426165226,0.07780262583637519,0.11391788126852892,0.039719390468173084,0.059293375029725856,0.0876332597989085,0.12768000794260181,0.04497273845884104,0.06695509969754543,0.09857325751057618,0.14283669548313613,0.050884084937705104,0.07552736390331125,0.11071325933105078,0.15946370298646625,0.05752563334142177,0.08509703884963458,0.12414248351287618,0.17762511085162103,0.036094214139197986,0.053982115891547514,0.07999931365944501,0.11700487779004479,0.04088850647651092,0.061002039375032784,0.09008039478485814,0.13108476594329718
123,681.9752367636092,2263.09499272031,-2263.09499272031,0.055147680003790715,0.0809866957880468,0.11742774500297336,0.16728128132905498,0.05551354702815418,0.08150919877770972,0.11815512809729241,0.16825859945598357,0.05588169777204215,0.08203477189478582,0.11888640989464014,0.16924046697036893,0.05625214458103425,0.08256342928901653,0.11962160376507419,0.1702268914904129,0.05662489984198356,0.08309518512469997,0.12036072302938387,0.1712178804808872,0.05816114180309007,0.08528464706493298,0.12339994104863283,0.17528538812498679,0.05854576230188093,0.08583228941094304,0.12415911352725893,0.17629956871896382
124,557.9438825396829,2301.017561163837,-2301.017561163837,0.041766041164846376,0.07452684733477911,0.12951170784183894,0.21561249834027513,0.042059438102304676,0.07503236110441552,0.13033765715560913,0.21685075925349986,0.04235480498637697,0.07554102388123693,0.13116808017504977,0.21809415422969844,0.042652153760401566,0.07605285147695191,0.13200299100008933,0.21934268187021852,0.04295149642202053,0.07656785973063447,0.13284240364259553,0.22059634048970675,0.03329184502367203,0.05982055071223201,0.1051885256855082,0.1784336088098592,0.03352779554095335,0.06023280424803171,0.10587822332834212,0.17950721529604619
125,326.4762176060899,2160.636214607581,-2160.636214607581,0.04741449842471093,0.05968802655697896,0.07488886089188997,0.09357566684880433,0.05074667919162922,0.06382496959582101,0.07998974154289105,0.09981203008881977,0.054299689168744045,0.06822783709248072,0.08540598176033905,0.10641522198309243,0.058086239662636124,0.07291077505898788,0.09115262865196176,0.11340022566268994,0.062119497971165505,0.07788826660001234,0.09724483279645857,0.12078174704175595,0.057723530487892735,0.07246261817760956,0.0906033034774977,0.1127334573431172,0.06173325446202217,0.0774120695065954,0.09666269819943893,0.12007745515581622
126,425.9363428184285,2054.182471789638,-2054.182471789638,0.06469377097748341,0.11331217044131045,0.19100645274415373,0.3037252014174273,0.06513728158230309,0.11404834411691517,0.19213801619664495,0.3052725529417814,0.06558361949097086,0.1147886814387619,0.19327468172824144,0.30682431375668934,0.06603279979735353,0.11553319790097394,0.19441645337862282,0.3083804611396805,0.06648483763546795,0.11628190894873558,0.19556333495003703,0.30994097200480797,0.05181917970780501,0.09171083967510342,0.15722004213961147,0.25631758053610215,0.05217935208348449,0.09232128464920962,0.15819058649352083,0.25771280494322907
127,322.57553785403053,2245.948070326839,-2245.948070326839,0.06450508496418185,0.11299881548473552,0.19052440771591236,0.3030652548782393,0.06494739184819608,0.11373321446609462,0.19165379196550097,0.30461071514804605,0.06539251959770795,0.11447177045741318,0.19278827649593352,0.3061605943084759,0.06584048328927532,0.11521449897320894,0.19392786544760815,0.3077148697924573,0.06629129803981648,0.11596141547979102,0.1950725627245469,0.3092735186693576,0.05166596950774345,0.0914510602172108,0.15680673696109204,0.2557228107283246,0.05202513541571758,0.09205995130708494,0.15777520755874141,0.25711591692417285
128,487.8472827145039,2306.3328526703863,-2306.3328526703863,0.06114576730799536,0.10740397392368434,0.18187816231278695,0.2911487132720503,0.06156655553213233,0.10810644278588007,0.18296787846883195,0.2926589236668765,0.06199004830567115,0.10881294600893006,0.184062654712456,0.29417371669860753,0.06241626037405588,0.10952349942678288,0.18516249694486864,0.2956930726409501,0.0628452065266031,0.11023811883799582,0.1862674108503281,0.2972169714042765,0.048940311837169785,0.08681867444831673,0.14940821694797593,0.24501334771547348,0.049281514468490696,0.08739968960803898,0.15033914002596382,0.24636742392627164
129,366.0504955478123,2225.7799394001577,-2225.7799394001577,0.05129223961049923,0.09081710174833744,0.15579740923546925,0.25426878330477115,0.05164894896074765,0.09142219660590709,0.1567608049667721,0.2556566892493701,0.05200800303604788,0.09203091498518161,0.15772904494563306,0.2570495596394022,0.05236941535248581,0.09264327313803145,0.15870213976217368,0.25844738378097676,0.05273319947755569,0.09325928731579301,0.1596800998525124,0.2598501506386148,0.04096784372480014,0.07315034836691844,0.127259294392359,0.21222773375556014,0.0412558749177108,0.07364726837819398,0.1280729925674189,0.21345184575168863
130,797.5064638573235,2440.457767894327,-2440.457767894327,0.038119417042143625,0.06001634751217138,0.09327183775899196,0.14216743454646252,0.04067886360404465,0.06394827240582275,0.09915265307123122,0.1506190252814908,0.04340240449300854,0.06811912668836193,0.10536117023297913,0.15947964041778367,0.04629949195711044,0.07254093209203363,0.11191014470548917,0.16875794358020527,0.049379976162685704,0.07722598275858106,0.11881212591157138,0.1784614340356151,0.06084716515841558,0.09451672736996786,0.14396131457508568,0.21318212940087633,0.06482976642097878,0.10046733639526027,0.1525005897980821,0.22474934264307359
131,175.05999466495956,2156.0205685415663,-2156.0205685415663,0.057996738191244256,0.10213178678201495,0.17366148133799023,0.27968312520298116,0.0583972036009839,0.1028037447116788,0.1747124807662788,0.281157451934541,0.05880026160512973,0.10347961414411747,0.17576848788546748,0.28263650097834536,0.059205926598692886,0.10415941113438511,0.17682951018255486,0.28412025539115937,0.05961421302342879,0.104843151713786,0.17789555494682235,0.2856086978697862,0.046388809670881014,0.08246361269561284,0.14240309730560555,0.23476288093035821,0.04671309743032189,0.08301813217451012,0.14329772647870836,0.23607802138375178
132,326.5802700330444,2133.000445998405,-2133.000445998405,0.04422561807774682,0.07875712235753632,0.13640301893672113,0.22589632554395234,0.044535489961642735,0.07928887166500505,0.13726598676232837,0.2271765412893805,0.044847431122390286,0.07982390012929125,0.13813354096377667,0.22846187109303717,0.04516145394685997,0.0803622237632645,0.13900569485926123,0.22975231114621517,0.045477570875925646,0.08090385860065061,0.13988246166172377,0.23104785733597458,0.03527075036308132,0.06327314135875599,0.11095056198350375,0.187367742088874,0.035520210715592596,0.06370757615910913,0.11167332498206599,0.18848277136119568
133,123.39791646624987,2226.8093923746324,-2226.8093923746324,0.04633025460003255,0.09488929023057054,0.1844971944935461,0.32805509396380655,0.0479944858073779,0.09811835130299626,0.19013502344227107,0.3362708435286561,0.049715381524627046,0.10144498074892598,0.19590374626280638,0.34458683215457214,0.05149464422686843,0.10487128216272694,0.2018038801142183,0.35299909963811565,0.05333401104343153,0.10839934626096885,0.20783578166648267,0.3615034600404722,0.03856416017381343,0.07966344029883324,0.15739325814732089,0.28729110878665737,0.03996111451923767,0.08242155150681026,0.16236775344482332,0.2949340659959755
134,428.98121308689144,2213.2661627314296,-2213.2661627314296,0.07014728534107748,0.12232806041607533,0.20477655128265562,0.32238319034504664,0.07062535962999564,0.12311467608399645,0.20596892234184874,0.3239813669044885,0.07110644297725377,0.1239056358897926,0.20716642760231763,0.32558365947482126,0.07159055091891682,0.12470095463171452,0.20836906812608263,0.327190041044235,0.07207769902453492,0.12550064703758715,0.20957684470897822,0.3288004842440376,0.056252673446946545,0.0992002693755851,0.16906342086588197,0.2732060209948574,0.056641820268958344,0.09985508492714204,0.17009232079354802,0.27465922324098796
135,701.9352266081875,2327.69849607112,-2327.69849607112,0.033430091201422096,0.06006211434912454,0.10559271580553777,0.17906292445242972,0.03366698739308922,0.0604759255393717,0.10628474884656555,0.18013948719095538,0.03390550341957006,0.06089240307274039,0.10698077484249151,0.18122109364224723,0.03414564951986082,0.061311561578498375,0.10768080971214374,0.18230775026098345,0.03438743598577215,0.061733415730821195,0.10838486934300984,0.18339946329140325,0.026600281626851623,0.04806189609487471,0.0853213829998497,0.14700526270187425,0.026790121067079172,0.048397286221332894,0.08589332036473053,0.14792381737231108
136,449.10504021163996,1986.6265260019652,-1986.6265260019652,0.037638195702910854,0.06738887133578293,0.11777763353002617,0.19785053497550925,0.03790374247250292,0.067849517980646,0.11853894023789059,0.19901266996364766,0.03817108842979201,0.06831308279544959,0.11930450250076632,0.2001799276071686,0.03844024471348727,0.06877958110653395,0.12007433549411176,0.20135231048905644,0.03871122251636207,0.06924902827723364,0.12084845433391117,0.2025298209402237,0.02997532682175322,0.05400890413958702,0.09541663261300269,0.16309756895594682,0.030188506084067524,0.05438342338813416,0.09604913564423809,0.16409733158880652
137,336.04150738536146,1978.671810780551,-1978.671810780551,0.057248533743560884,0.10087517705337845,0.1716930770954223,0.2769157076499658,0.05764414897197574,0.10153980232917545,0.17273465394258808,0.2783810840782134,0.05804232977665415,0.10220830877113087,0.1737812238322571,0.27985121379358024,0.05844309046355687,0.10288071247517791,0.1748327946174994,0.28132608052983527,0.05884644538600917,0.1035570295162043,0.17588937395837187,0.28280566766206156,0.04578307861228804,0.08142705015719569,0.14072865856767558,0.23229660085746276,0.046103336639179295,0.08197522210394487,0.14161450536481676,0.2336021428274663
138,538.59588295233,2225.484489162949,-2225.484489162949,0.0564634638678452,0.10625938352023027,0.19107755804979318,0.3194034199713277,0.054764599728271496,0.10322618129312391,0.186127420660949,0.31241275437508537,0.053113973357914054,0.10026984871127669,0.181276785422496,0.30550641126689304,0.051510386366112736,0.09738898879690494,0.1765251436892187,0.2986864213906039,0.049952659868536864,0.09458219802903634,0.17187190590809484,0.29195467583411355,0.05138074017858311,0.09715569901220136,0.1761392804770682,0.29813020339170265,0.04982672835218728,0.09435492890650925,0.17149409585884728,0.2914057849193595
139,598.4126998141259,2375.1823410179923,-2375.1823410179923,0.042822767342314445,0.07634641689592588,0.13248155801576883,0.22005761586088712,0.04312325347290826,0.07686324771400257,0.13332354644927027,0.2213142022705528,0.04342575244634025,0.07738328412318732,0.13417005852706004,0.2225759164276856,0.043730276399757594,0.07790654202944067,0.13502110802518064,0.22384275589976865,0.04403683752452188,0.0784330373633582,0.13587670862422932,0.2251147179597639,0.034141804122806256,0.06130485100878119,0.10766960614193591,0.1822903683834144,0.03438356432867679,0.06172666202523626,0.10837360141617734,0.1833820006695301
140,384.04646835812184,2125.3792343246064,-2125.3792343246064,0.038726875125169945,0.06927613878026759,0.12089314180852091,0.20259775217026094,0.0389997915278564,0.06974872129658304,0.12167180955754568,0.20378068757703083,0.039274552649748315,0.07022428439740891,0.12245479406020661,0.20496875454588104,0.039551169849181875,0.07070284355562757,0.12324211023929593,0.20616195462203474,0.03982965453871338,0.07118441427874465,0.12403377295065465,0.20736028908888893,0.030849463985874005,0.05554377420703755,0.09800634768530217,0.16718471908499147,0.031068660844904457,0.0559283076032358,0.09865414534089324,0.16820449992381994
141,718.4870660419457,2110.453748635506,-2110.453748635506,0.04745817446840645,0.08429107490401529,0.1453484487365581,0.23908596444784094,0.04778956314683045,0.08485674650470564,0.14625842598203107,0.24041771415760083,0.04812314892499768,0.08542586014522988,0.14717311923822463,0.24175452510068932,0.04845894473272925,0.0859984320081866,0.14809254065675845,0.24309639029888316,0.048796963552973124,0.08657447828770307,0.14901670226149097,0.24444330245025922,0.0378747113495361,0.0677991671817143,0.1184557532750606,0.198885751357125,0.038141860659802664,0.06826241317948778,0.11922085095477078,0.20005245051365542
142,25.565979365079276,1824.4400834176067,-1824.4400834176067,0.03834518211627639,0.06861484334561972,0.11980254477639042,0.20093855753037568,0.038615516703751324,0.06908324953188086,0.12057515148882958,0.2021142606875225,0.038887680087515385,0.06955461454625668,0.12135205380399015,0.20329509278779456,0.0391616835495119,0.0700289538117914,0.12213326673589485,0.204481055741523,0.03943753842585735,0.07050628278699807,0.12291880523424366,0.20567215120058346,0.03054294404228033,0.05500581782992823,0.09709941160495238,0.16575525714389386,0.0307600320895979,0.05538684532586624,0.09774186422742559,0.1667680646691155
143,-410.1815651135008,2075.2770766349754,-2075.2770766349754,0.06655677060256635,0.11640100156052138,0.19574563983702295,0.3101887864926388,0.06701213800285558,0.11715459148109945,0.19689844593362094,0.31175432331498254,0.06747039573686232,0.1179124091514092,0.19805636933755433,0.3133241725494879,0.0679315590620822,0.11867446985068063,0.19921941308497146,0.3148983099639915,0.06839564327400866,0.11944078880194181,0.2003875799643814,0.3164767109642247,0.0533325679694302,0.09427343580503346,0.1612880625528585,0.2621521338339439,0.053702663477853387,0.09489915576154338,0.1622788839776083,0.2635678618656274
144,426.39977619799896,1979.867509226645,-1979.867509226645,0.061402542311189,0.107832693806449,0.18254336233121396,0.2920708846099752,0.06182498122650891,0.10853762572198088,0.18363616941545574,0.29358389725491585,0.062250133695250315,0.10924660167680317,0.1847340402184767,0.29510148052744306,0.06267801448971157,0.10995963748342827,0.1858369805092291,0.2966236144792997,0.06310863842581119,0.11067674891801084,0.18694499583818808,0.29815027879875705,0.04914851455387833,0.08717324974892116,0.14997643159025814,0.24584007099684838,0.049491093199770186,0.08775640979035161,0.15091026693366175,0.2471972201747887
145,770.4697528860029,2032.8681771292117,-2032.8681771292117,0.061723407267850895,0.08967769884765082,0.1285577205557611,0.18094373025472313,0.06175260044683953,0.0897188492545623,0.12861419120421538,0.18101843218007901,0.061781806524094554,0.08976001668228217,0.12867068299554496,0.1810931581270321,0.06181102550445464,0.08980120113614166,0.1287271959344479,0.18116790809767674,0.06184025739275937,0.08984240262147222,0.1287837300256205,0.18124268209410266,0.08013814289670286,0.11540659408879433,0.1634387190779723,0.2263465663592219,0.08017530142195163,0.11545805330719852,0.16350763682298242,0.22643483063176492
146,859.2791617173973,2077.073421630348,-2077.073421630348,0.04755777519671652,0.08446112278625724,0.14562208475308833,0.2394866224158351,0.04788982439616598,0.08502782960274584,0.14653348141549746,0.24081989754292893,0.04822407458488298,0.08559798333282151,0.14744959776262662,0.24215823183511664,0.04856053870870542,0.08617160016266028,0.1483704459078478,0.24350161821684774,0.04889922976656268,0.08674869628966674,0.1492960378360825,0.24485004928833676,0.03795500062945272,0.0679384128884518,0.11868579137694762,0.19923668151015242,0.0382226937618104,0.0684025404870444,0.11945217352625898,0.20040492430594536
147,592.0050940008452,2119.5082687528447,-2119.5082687528447,0.03735487137535899,0.06088981777402599,0.0977470243045808,0.1532730208578255,0.03836856234475636,0.06250070561411894,0.10022892985278974,0.15691958951367185,0.03940863549268677,0.06415129953549036,0.10276667594718472,0.16063645586613257,0.04047571565918008,0.06584242285654186,0.10536115244536505,0.16442419142383055,0.041570439095939174,0.06757490766518424,0.10801324451897194,0.16828333377270158,0.04386756639990815,0.07120225393250458,0.1135469387411205,0.17629449509103723,0.045049720197727953,0.07306473910572817,0.11637827528409843,0.1803721001926431
148,532.822983743687,1994.2288134256592,-1994.2288134256592,0.04191829880221694,0.0700424457512444,0.1147753783020613,0.18247156168716147,0.0390331398843881,0.0653535959460611,0.10743793365438084,0.17164553518112222,0.03633902917885914,0.06095805672800618,0.10051629976018674,0.16133506006001858,0.03382432386176207,0.056840172926257364,0.09399362950568774,0.1515306242743347,0.031477954851724284,0.052984767674035115,0.08785288556772541,0.14222097078501295,0.055133172784071274,0.09127883709049492,0.14742441700004713,0.2293874599659679,0.05138724305365162,0.08529875635026858,0.1383259100150487,0.21651510581948527
149,614.6364861111108,1963.506813433518,-1963.506813433518,0.049068066305687635,0.08777865653108644,0.152142561458326,0.2507296198836103,0.05084990065059104,0.09083193620274144,0.1570492266179379,0.2578488250078393,0.052692854274429726,0.09398047907721369,0.16208388295059398,0.2650986527042952,0.05459875983235789,0.09722648977303959,0.1672479163800184,0.27247748169564445,0.05656948554006413,0.10057216986821606,0.17254259794797822,0.27998344750926285,0.05870362521467949,0.1041830354962053,0.17822540964586397,0.28797337457671146,0.06081298414682324,0.1077395300210789,0.18379091405695477,0.2957326890080437
150,590.704863114316,2328.831883316823,-2328.831883316823,0.08957525496956974,0.15381733862591945,0.25140991969466797,0.3829030970113969,0.09017289630086821,0.154770735051899,0.2527875104920542,0.38463099539274487,0.09077412749548339,0.15572895331116116,0.25417008680427916,0.3863618092389005,0.09137896480273185,0.15669200430519709,0.25555763864040437,0.3880954996198721,0.09198742447377384,0.15765989878644665,0.2569501556708879,0.38983202732234906,0.07213091362939204,0.12558796534589475,0.2097086320688921,0.3289760394442699,0.07262145109208126,0.1263925246606613,0.21092210442222495,0.33059095398838945
151,650.4411453576862,2055.7290202603626,-2055.7290202603626,0.02667243592336536,0.06159394508150314,0.13585548034502937,0.2735515344576088,0.027610168657726322,0.06367910191501201,0.1400793598743253,0.2806660559735359,0.02857990156140972,0.06582989623943333,0.14441261747389592,0.2878922825032675,0.02958265755247812,0.06804805525683624,0.1488567172735767,0.2952282015117553,0.030619487323023577,0.07033532841329876,0.15341305588025364,0.30267159849945974,0.023799748260459015,0.05517332487706597,0.12270598325687258,0.2509446948553507,0.024639041487977267,0.057054337936780206,0.1265809180910765,0.25767981390897965
152,430.7867182472084,1915.280739238513,-1915.280739238513,0.08096181421718215,0.13997623221069383,0.23118631461394598,0.35714850969603906,0.08150713207621221,0.14085811910927343,0.2324875062912405,0.35882776701445623,0.08205579498032199,0.1417446463955987,0.23379379443598414,0.3605104920921954,0.08260781902249828,0.14263582694175464,0.23510517397718006,0.36219665062824336,0.08316322031297388,0.14353167350559548,0.2364216395313696,0.3638862079978061,0.06507499981523975,0.11394499561403396,0.19197923819005397,0.3050555866084774,0.06552094086349433,0.11468474890000908,0.1931151889475051,0.30660673128007404
153,575.4556465517239,2058.9802274472154,-2058.9802274472154,0.07914918991840773,0.1370393699825153,0.22684051696619303,0.3515175115175922,0.0796833574062862,0.1379057208561323,0.2281245067906625,0.35318483880319496,0.08022081586501355,0.13877666794333177,0.2294136078922064,0.3548557469880492,0.08076158132293183,0.13965222448484982,0.23070781623781933,0.3565302028775923,0.08130566982860792,0.140532403614573,0.23200712748875413,0.3582081729463654,0.0635934477743665,0.11148350012173304,0.18819004342080378,0.29986280058162124,0.06402993147735869,0.11220929665488916,0.18930882623991907,0.301398992590217
154,430.1122347401047,1879.1288575714573,-1879.1288575714573,0.055417660801272375,0.09779380505249818,0.16684990333840172,0.2700721561639459,0.05580137269057294,0.09844035117472673,0.16786805355020093,0.2715149164407664,0.05618758336255233,0.09909070234265525,0.16889115725907847,0.27296250187930343,0.05657630689577366,0.0997448747327046,0.16991922319451286,0.27441489789340867,0.056967557417578876,0.10040288450675611,0.17095225990467955,0.2758720895421716,0.04430165301391837,0.07888762547791879,0.13661487796828853,0.22621077459217748,0.044612032778651625,0.07942017994962623,0.13747897276737647,0.22749224869457474
155,648.2571293673277,2182.4072498571322,-2182.4072498571322,0.07440171241805316,0.10484245655090814,0.14577622248011715,0.1991364966417903,0.07926386671304822,0.11145437577259036,0.1545240172513468,0.21029805130354706,0.08441478480658889,0.11842811133419952,0.16369615779266106,0.22191185985111198,0.0898677614088409,0.1257764291851892,0.17330113734077382,0.23397701559502299,0.09563619258743153,0.13351164808148466,0.1833461398711177,0.2464903381918969,0.07004501900038937,0.09889371156096505,0.1378626001387689,0.18896695081836482,0.07464542385220366,0.10517455000311016,0.14621679671499488,0.19970063824705395
156,287.17983419465975,1795.2325246639432,-1795.2325246639432,0.06263437456520626,0.10988693684729135,0.18572458131397504,0.2964686083255465,0.06306471884966407,0.11060363307673089,0.18683208027155226,0.2979948128513293,0.06349781962176562,0.11132441907355725,0.1879446590650007,0.29952552918860387,0.06393369177906702,0.11204931054050647,0.18906232282319532,0.3010607363352095,0.06437235026149629,0.11277832313928916,0.19018507644930593,0.3026004129251365,0.05014764615376635,0.08887312983483521,0.15269611535508407,0.24978730864656656,0.05049681917278776,0.08946654696992351,0.1536438240331357,0.2511589914354853
157,526.6222031382525,1972.099594762507,-1972.099594762507,0.06392435326546578,0.1120337851455649,0.1890383983542443,0.30102790027931686,0.06436295208056447,0.11276270956097934,0.1901610432202378,0.3025674816357618,0.06480435188222033,0.11349577039413208,0.19128878253167744,0.30411151117355967,0.06524856769286308,0.11423298322070218,0.19242162073781613,0.3056599668067558,0.06569561457592216,0.1149743635704012,0.19355956205480332,0.30721282608563655,0.051194501302470566,0.09065124464506265,0.15553318126897497,0.2538877761234494,0.05155056787067285,0.09125534534905365,0.1564952459935501,0.25527431428039205
158,393.66632521847646,2067.355545160548,-2067.355545160548,0.08328122382670863,0.1437219083622923,0.23670096430342388,0.3642442907302045,0.08384073888059962,0.14462342558665692,0.23802358482720676,0.3659379195518741,0.08440366687018151,0.14552963662824397,0.23935127833811382,0.36763486948935564,0.08497002395481669,0.1464405538629613,0.24068403843618272,0.369335104893481,0.08553982630716314,0.14735618954305382,0.2420218584010089,0.3710385898011813,0.06697244718504518,0.11708892883487196,0.19679805161279704,0.31161808977608163,0.06743045311294366,0.11784637846094914,0.19795553014336273,0.31318756517161844
159,467.9798425651162,2208.243030848272,-2208.243030848272,0.06216050296505892,0.10909717559833992,0.18450274984552312,0.29478197165583747,0.06258780879518128,0.10980935635354984,0.18560462361297742,0.29630315032645627,0.06301785464772319,0.11052560942227067,0.18671157126970167,0.29782886366618927,0.0634506553727534,0.11124595055081896,0.1878235981918731,0.29935909107613995,0.06388622586320016,0.1119703954462875,0.1889407095327258,0.30089381159365375,0.04976322984706128,0.08821942721306002,0.15165110184275007,0.24827252639177175,0.05010986742190998,0.08880890494200235,0.15259349270398911,0.2496386588681471
160,961.5247004357301,2331.92018950844,-2331.92018950844,0.08509686688840522,0.14664445366327897,0.2409821128666011,0.36971492944279527,0.08566744020433877,0.14756114384688032,0.24232106090866426,0.3714191344851962,0.08624147858595736,0.14848256729054016,0.243665060159203,0.3731265446204167,0.08681899823196049,0.14940873596342907,0.24501410317894665,0.3748371231966092,0.08740001535114655,0.1503396617036916,0.2463681822024208,0.3765508332563167,0.06845908906187821,0.11954550937237406,0.20054710766374145,0.31669205391069916,0.06892651066246183,0.12031668504826208,0.2017210986298238,0.31827526898797065
161,286.8061868686866,2114.799422753175,-2114.799422753175,0.038091522795249,0.060485128874245835,0.0947469655356937,0.1454126385701572,0.0435146208591042,0.0688681503625805,0.10733604844428456,0.16351768755280122,0.049669938344509244,0.07831617833444293,0.12137357689632912,0.1833932080852598,0.056644386431354936,0.08893657857802374,0.13696526763137912,0.20509226007364423,0.06453165735637043,0.10083963142115732,0.1542083394147656,0.2286398916928094,0.04861320450970194,0.07669917997017078,0.11898233428978244,0.18003044829200385,0.055447927889351,0.08712102740590986,0.13431380313646568,0.20142976319412498
162,873.3598170898169,2054.0059573930084,-2054.0059573930084,0.03349474318491211,0.06287984400220542,0.11497782147514654,0.20098313361666484,0.03882634016282701,0.07253782754696438,0.13151476768717604,0.2267211197276833,0.044967120728923414,0.08354697162308226,0.15002698584821372,0.25470444427092054,0.05202655747337608,0.0960539393415598,0.17063304358433873,0.28486926619627034,0.06012449129173244,0.11020804571664655,0.19342525970773797,0.3170866307810163,0.03652761104165097,0.06838519987835165,0.124438845035291,0.21579556897037774,0.04232083222562029,0.0788176550330835,0.14211803289162783,0.24285390041993046
163,423.6472078295912,1887.3233917273847,-1887.3233917273847,0.07238818717274301,0.12601001340328266,0.2103453702867497,0.3298237756047238,0.0728803368378555,0.12681688436920988,0.21156154077165648,0.33144079612819904,0.07337556783437828,0.12762816744254676,0.21278284812059595,0.3330618044888571,0.07387389584810619,0.12844387707896562,0.21400929214233302,0.3346867720294025,0.07437533659526957,0.1292640276547199,0.21524087236865394,0.33631566974051447,0.058077426356366944,0.10226721185636922,0.17387338632613056,0.2799805666926417,0.0584784143278855,0.10293995863810951,0.17492539672533977,0.2814558487080805
164,500.4985076960079,1875.9903249628705,-1875.9903249628705,0.07157657880011571,0.12467800910163801,0.20833439160619252,0.327143762164604,0.07206363921025406,0.12547757545465021,0.20954202039555483,0.3287540888808206,0.07255375493735074,0.12628152970643197,0.2107547857599443,0.33036845030550305,0.07304694161508923,0.1270898864403686,0.21197268796360264,0.33198681836926874,0.07354321490871328,0.12790266016369184,0.2131957269976311,0.3336091646488166,0.0574163372496045,0.10115713532501616,0.17213508396263738,0.27753783522857484,0.05781304097066697,0.1018234079282444,0.17317878162347367,0.2790052335231076
165,306.8744643746882,1866.2386093501389,-1866.2386093501389,0.03525931720464413,0.06325322625687688,0.11091741740210102,0.1873165789532458,0.035508699669897524,0.06368753361640439,0.1116399916002916,0.18843137435319568,0.03575978059045517,0.0641246188702835,0.1123666781028036,0.18955125688374458,0.03601257060639282,0.06456449697677757,0.11309749255294554,0.19067623134886785,0.03626708041127218,0.06500718293587184,0.11383245055063643,0.19180630232326473,0.02806664610938656,0.0506497905663599,0.08972641470795871,0.15405856330070328,0.02826664672357407,0.051002272228449975,0.09032496451083695,0.1550131809930216
166,-817.2866666666666,452.48325782133765,-452.48325782133765,0.19679106621467365,0.0873263852513941,0.036020595091077016,0.014382835910325424,0.09150364480422918,0.03784540877117651,0.01512867785821736,0.005963168753114526,0.039758855163229315,0.015912572050683825,0.006275176966239609,0.0024600462849980625,0.016736393577435435,0.006603401797968291,0.002589239621862082,0.0010127710324058803,0.006948674471077134,0.0027251992216782333,0.0010660395777192387,0.00041658989380509567,0.0028682774577313856,0.0011221067325709365,0.00043851496597909346,0.00017129853379738136,0.0011811191899027498,0.00046159341900195455,0.00018031628224337426,7.04264528330606e-05
168,1018.7162413962637,2056.353821610925,-2056.353821610925,0.05817932920483851,0.10243821792039846,0.17414090235746046,0.28035593394388003,0.05858097699378603,0.10311196042752799,0.17519418809680193,0.2818324196608812,0.05898522394621045,0.10378962177339916,0.17625248497108495,0.28331361999595717,0.059392084478515114,0.10447121800239823,0.1773158003773109,0.2847995178415398,0.05980157305369274,0.10515676513449802,0.17838414151362386,0.28629009572981556,0.04653666086628801,0.08271646887172847,0.14281113808387103,0.2353629377660778,0.04686193140964008,0.08327253434584186,0.14370790115997936,0.2366804000507836
169,954.8804955808082,1939.7159573898016,-1939.7159573898016,0.04496557676353403,0.08002646744937494,0.13846181367555593,0.22894778421272077,0.04528038762931743,0.08056603756695747,0.13933570515228566,0.23024014984667873,0.045597297304077154,0.08110892493811835,0.14021421448968166,0.23153761998719324,0.045916318302950135,0.08165514562389659,0.14109735475220403,0.23284019009905538,0.04623746319492363,0.08220471570412652,0.14198513889389017,0.23414785533800977,0.03586650359411297,0.0643103491212418,0.11267531378092255,0.19002650838445784,0.036120019786389186,0.06475141313884018,0.11340787908353991,0.19115363816873027
170,1055.9802225471083,2066.578608645941,-2066.578608645941,0.06863916800274754,0.11984268104820132,0.20099966874573713,0.3173026854093009,0.06910772792267306,0.12061551113019962,0.20217563899827865,0.3188875285382411,0.06957924747315448,0.12139263759849953,0.20335673829978884,0.32047657161541426,0.07005374207909804,0.12217407546381917,0.20454296854719647,0.3220697887753349,0.07053122720084795,0.12295983967245729,0.2057343313788493,0.32366715379304284,0.05502560298002961,0.09713278121752718,0.1658078884407647,0.26859331808313336,0.05540675949284883,0.09777543071888206,0.16682095324945573,0.27003110081267906
172,1445.9242898913951,1778.1664376461167,-1778.1664376461167,0.11501473856412181,0.15369942058498554,0.20241946476917994,0.2618054547299402,0.11389643342871612,0.1522696963580776,0.20064398856687893,0.2596786810118167,0.11278761596344801,0.15085090095423742,0.19888020230753783,0.2575631560673316,0.11168823257591488,0.14944299491413807,0.19712809721952784,0.2554589186356449,0.11059822944306316,0.14804593806636002,0.1953876632344147,0.25336600567688167,0.09585201008873905,0.12903112206656034,0.17151647656099428,0.22438679629021524,0.0949000470093441,0.12779621356715157,0.16995429974322204,0.22247238406461659
173,1410.6628685897433,2059.3299166154375,-2059.3299166154375,0.012385113971577776,0.03037545135074409,0.07257773535835223,0.16352545990403988,0.012337902524101652,0.030261762943803568,0.07231787410875683,0.16299719566367724,0.012290868804650912,0.03014848681636088,0.07205887098854794,0.1624703065000824,0.012244012161211132,0.03003562157220608,0.07180072368106821,0.16194479097539882,0.012197331944030101,0.029923165819117643,0.07154342987218913,0.16142064763876965,0.02329434680593582,0.05622898305712719,0.12955175597128232,0.27102972633680483,0.02320652705386309,0.0560241216994307,0.1291163018694113,0.27026638250390456
175,1980.415193236715,2570.749495494596,-2570.749495494596,0.055104112711118106,0.09726518510506986,0.16601669169741692,0.2688898372327576,0.05548578112069248,0.09790861562029886,0.1670307768207027,0.2703286205757599,0.05586993677715425,0.09855583787433769,0.16804980813145196,0.27177224080524254,0.05625659371876373,0.09920686805455906,0.1690737945063216,0.2732206836259514,0.05664576603278731,0.09986172233489361,0.17010274464269817,0.2746739343886579,0.044048065422584014,0.07845231541448244,0.13590802354177767,0.22516124029527665,0.04435675099844374,0.0789821831781203,0.13676835568734336,0.22643850871796564
176,1076.7172222222225,1915.541855951858,-1915.541855951858,0.05855943692606817,0.10307583921550459,0.1751377465805144,0.2817533586977815,0.05896354454772098,0.10375329063126768,0.17619577534144484,0.28323430739163313,0.05937026497728732,0.1044346760729372,0.1772588222438411,0.2847199545197715,0.059779612675277635,0.10512001156182822,0.17832689449654254,0.28621028263365944,0.06019160214846437,0.10580931309345575,0.17939999910716653,0.28770527392396,0.0468444859869698,0.08324271804937104,0.14365983665128115,0.23660983227906882,0.047171801644224805,0.0838019980555347,0.1445610302541843,0.23793210231395112
177,924.2797565157751,2140.79283068359,-2140.79283068359,0.03749741880329783,0.06714458272603042,0.11737367163630898,0.19723333307114588,0.03776201132977093,0.06760368054642492,0.11813271680828136,0.19839273937500648,0.03802839713027004,0.06806568838476736,0.11889600942470552,0.1995572668556786,0.03829658731471321,0.06853062154745655,0.1196635646919961,0.2007269182294828,0.03856659304705758,0.0689984953781828,0.12043539775805598,0.20190169596196017,0.029862321734127412,0.05381032013255815,0.09508110022957668,0.16256680874860882,0.030074722241217513,0.054183541194433554,0.0957116144016114,0.1635639537628504
178,2146.450022222222,2116.797947123643,-2116.797947123643,0.018324383355634806,0.020465809905532036,0.022851662718597756,0.025508409210634395,0.022637181533842914,0.025269637180932687,0.028199386015076343,0.03145784601778976,0.02793614713918942,0.031165165166746146,0.0347540674000778,0.03873973287900668,0.03443180905648569,0.03838198687365841,0.04276527593415458,0.047624352862763016,0.0423719942705457,0.04718858859215616,0.05252267476816147,0.058422742666216575,0.05256217255324505,0.05846640359295201,0.06498835583289024,0.07218205927617442,0.06440445475595676,0.07153847005353625,0.07939565333042929,0.08803397950116673
179,1309.645366161616,2223.3133214473914,-2223.3133214473914,0.049866324033958714,0.08839477970558196,0.15193152727296882,0.24867924585493711,0.050213641787610036,0.08898531477913746,0.15287534672882425,0.2500468719027288,0.05056324986603248,0.08957940734055848,0.15382396585581562,0.2514195023736699,0.05091516157450571,0.09017707363214955,0.15477739584541728,0.2527971279471697,0.051269390270440675,0.0907783299002842,0.15573564774478058,0.254179738967053,0.03981689863581513,0.07116236089023166,0.12399753230796756,0.20730546365705305,0.04009717624224152,0.07164682016906335,0.1247933568883241,0.20850869904282762
180,1175.698653594771,1555.5183602983175,-1555.5183602983175,0.06412938836641376,0.11237460492569978,0.18956346581289016,0.30174828554899663,0.06456929693310945,0.11310546436130367,0.1906884956884706,0.3032899525837905,0.06501201351578764,0.11384046751389189,0.19181862212181386,0.30483605750303105,0.06545755315613627,0.11457962993782787,0.19295384945332603,0.30638657805041214,0.06590593093661885,0.11532296714071738,0.1940941817891494,0.30794149160592715,0.0513609461594915,0.0909336776223357,0.15598308569848623,0.2545364318835649,0.05171810727824049,0.09153947099725263,0.1569474161307274,0.2559252973914845
181,1404.4067970521544,1781.9785603066734,-1781.9785603066734,0.03085146458644133,0.05554728445687389,0.09801226299189879,0.1671940358003638,0.031070675204750365,0.05593184071559863,0.09866009546958147,0.16821386199006771,0.031291393102358796,0.05631890051770729,0.09931173847090566,0.16923864465229063,0.03151362792644399,0.056708477958307926,0.0999672081675201,0.17026839245540948,0.031737389375706575,0.057100587181192215,0.100626520716079,0.17130311388566047,0.02453509912035077,0.04440649831575892,0.07906755089369844,0.13690689723086416,0.02471057403250679,0.04471757826229042,0.0796012150381769,0.13777254432808148
182,2841.8951754385967,2501.0748895490588,-2501.0748895490588,0.04384174442259811,0.06948463292792065,0.10842518703622417,0.16531179333722484,0.04133408223092373,0.06561089306501283,0.10261994258160145,0.15699708862958342,0.038964008426830635,0.06193873751282783,0.0970916713212499,0.14902592273162965,0.03672462734955773,0.05845924914628714,0.09183073926003191,0.14139159369226434,0.03460931541429143,0.055163731000374666,0.08682745886077031,0.13408673361757698,0.05599390703303461,0.08808972508552804,0.1359337664138387,0.20395154188951922,0.05282956935987307,0.08327158005716012,0.12886855832113037,0.19414541308189512
184,1616.7591931216932,2043.367262454598,-2043.367262454598,0.033516099506215584,0.056360095119631644,0.09327155778973907,0.15050160346632752,0.03961079734379922,0.06632376798358372,0.10900685791313965,0.174038667159075,0.04676015806138238,0.07790346037579401,0.1270248804887906,0.20038840337049815,0.05512584063317392,0.09130717847330057,0.1475280190941159,0.2296184752380033,0.06488631837904531,0.10675009557764475,0.17069348438788776,0.2617167211682692,0.056589206388647666,0.09363582984148094,0.15105215253358864,0.23456400174224168,0.06659052465477909,0.1094251678024048,0.17465761462643034,0.26711387494606004
185,369.7554166666667,256.2445833333333,-256.2445833333333,0.0004779813269296178,0.0005752562772708032,0.0006923141382280404,0.0008331720344150212,0.0009143398470250956,0.0011003212458926782,0.001324082076709245,0.0015932742288041466,0.0017483618003014418,0.0021036303323201102,0.0025309066890983906,0.0030447039777356483,0.0033405994191341958,0.004018109611156507,0.004832360075800672,0.005810651807723418,0.006373633654736874,0.007661547782711652,0.009207297953706603,0.011061433589092139,0.016515743130345355,0.019812200031999138,0.02375072333108615,0.028449472073284663,0.03113718532123796,0.03724149705744378,0.04448758258368732,0.053065830334468586
186,459.1862222222221,287.1023471471099,-287.1023471471099,0.014532629526391385,0.016519893172435154,0.018773728116447588,0.021328388778092115,0.014931571332669286,0.016972448697730947,0.019286815676204844,0.021909736441590475,0.015341294183137075,0.017437181981410185,0.019813642804688756,0.022506565485653992,0.015762079947052605,0.01791440851966779,0.02035456175544553,0.02311926807704523,0.016194217336449185,0.018404451306487307,0.02090993294677276,0.02374824520832699,0.01818510183777871,0.02066135097484375,0.023466729480315106,0.026642656997485213,0.01868240849020472,0.021224911505602587,0.024104926305881656,0.027364805410276933
187,477.57098765432096,299.3278214334406,-299.3278214334406,0.008200650040999029,0.01156420529746855,0.01628469489354915,0.022887462852994457,0.009563754493990896,0.013478798658055369,0.01896582626663534,0.026626257493569814,0.011150885515881255,0.015705339406369766,0.022078474950699322,0.030956455470311804,0.01299794866896736,0.018292858772399227,0.025688591242803985,0.03596484881752908,0.01514627811151005,0.021297458544363625,0.029870977298741733,0.04174863220147557,0.023266765498737026,0.03260663781668063,0.045521036924605955,0.06321615089633038,0.027065805029049612,0.037871577454218396,0.052757521556756865,0.07305033945553335
