"id","space_id","device_info_id","created_at","updated_at"
"801","97","2","18/4/2018 12:12:50","18/4/2018 12:12:50"
"802","97","5","18/4/2018 12:12:50","18/4/2018 12:12:50"
"803","97","6","18/4/2018 12:12:50","18/4/2018 12:12:50"
"804","97","14","18/4/2018 12:12:50","18/4/2018 12:12:50"
"961","91","2","18/4/2018 14:46:09","18/4/2018 14:46:09"
"962","91","5","18/4/2018 14:46:09","18/4/2018 14:46:09"
"963","91","6","18/4/2018 14:46:09","18/4/2018 14:46:09"
"964","91","14","18/4/2018 14:46:09","18/4/2018 14:46:09"
"965","92","2","18/4/2018 14:46:10","18/4/2018 14:46:10"
"966","92","5","18/4/2018 14:46:10","18/4/2018 14:46:10"
"967","92","6","18/4/2018 14:46:10","18/4/2018 14:46:10"
"968","92","14","18/4/2018 14:46:10","18/4/2018 14:46:10"
"969","93","2","18/4/2018 14:46:12","18/4/2018 14:46:12"
"970","93","5","18/4/2018 14:46:12","18/4/2018 14:46:12"
"971","93","6","18/4/2018 14:46:12","18/4/2018 14:46:12"
"972","93","14","18/4/2018 14:46:12","18/4/2018 14:46:12"
"973","94","2","18/4/2018 14:46:13","18/4/2018 14:46:13"
"974","94","5","18/4/2018 14:46:13","18/4/2018 14:46:13"
"975","94","6","18/4/2018 14:46:13","18/4/2018 14:46:13"
"976","94","14","18/4/2018 14:46:13","18/4/2018 14:46:13"
"977","95","2","18/4/2018 14:46:15","18/4/2018 14:46:15"
"978","95","5","18/4/2018 14:46:15","18/4/2018 14:46:15"
"979","95","6","18/4/2018 14:46:15","18/4/2018 14:46:15"
"980","95","14","18/4/2018 14:46:15","18/4/2018 14:46:15"
"981","96","2","18/4/2018 14:46:16","18/4/2018 14:46:16"
"982","96","5","18/4/2018 14:46:16","18/4/2018 14:46:16"
"983","96","6","18/4/2018 14:46:16","18/4/2018 14:46:16"
"984","96","14","18/4/2018 14:46:16","18/4/2018 14:46:16"
"985","98","2","18/4/2018 14:46:18","18/4/2018 14:46:18"
"986","98","5","18/4/2018 14:46:18","18/4/2018 14:46:18"
"987","98","6","18/4/2018 14:46:18","18/4/2018 14:46:18"
"988","98","14","18/4/2018 14:46:18","18/4/2018 14:46:18"
"989","99","2","18/4/2018 14:46:23","18/4/2018 14:46:23"
"990","99","5","18/4/2018 14:46:23","18/4/2018 14:46:23"
"991","99","6","18/4/2018 14:46:23","18/4/2018 14:46:23"
"992","99","14","18/4/2018 14:46:23","18/4/2018 14:46:23"
"993","100","2","18/4/2018 14:46:25","18/4/2018 14:46:25"
"994","100","5","18/4/2018 14:46:25","18/4/2018 14:46:25"
"995","100","6","18/4/2018 14:46:25","18/4/2018 14:46:25"
"996","100","14","18/4/2018 14:46:25","18/4/2018 14:46:25"
"1009","90","2","18/4/2018 14:46:35","18/4/2018 14:46:35"
"1010","90","5","18/4/2018 14:46:35","18/4/2018 14:46:35"
"1011","90","6","18/4/2018 14:46:35","18/4/2018 14:46:35"
"1012","90","14","18/4/2018 14:46:35","18/4/2018 14:46:35"
"1226","4","2","18/9/2018 19:06:04","18/9/2018 19:06:04"
"1227","4","14","18/9/2018 19:06:04","18/9/2018 19:06:04"
"1228","4","15","18/9/2018 19:06:04","18/9/2018 19:06:04"
"1229","5","2","18/9/2018 19:06:10","18/9/2018 19:06:10"
"1230","5","14","18/9/2018 19:06:10","18/9/2018 19:06:10"
"1231","5","15","18/9/2018 19:06:10","18/9/2018 19:06:10"
"1232","6","2","18/9/2018 19:06:12","18/9/2018 19:06:12"
"1233","6","9","18/9/2018 19:06:12","18/9/2018 19:06:12"
"1234","6","14","18/9/2018 19:06:12","18/9/2018 19:06:12"
"1235","6","15","18/9/2018 19:06:12","18/9/2018 19:06:12"
"1236","7","2","18/9/2018 19:06:15","18/9/2018 19:06:15"
"1237","7","14","18/9/2018 19:06:15","18/9/2018 19:06:15"
"1238","7","15","18/9/2018 19:06:15","18/9/2018 19:06:15"
"1239","8","2","18/9/2018 19:06:19","18/9/2018 19:06:19"
"1240","8","10","18/9/2018 19:06:19","18/9/2018 19:06:19"
"1241","8","14","18/9/2018 19:06:19","18/9/2018 19:06:19"
"1242","8","15","18/9/2018 19:06:19","18/9/2018 19:06:19"
"1243","9","2","18/9/2018 19:06:22","18/9/2018 19:06:22"
"1244","9","14","18/9/2018 19:06:22","18/9/2018 19:06:22"
"1245","9","15","18/9/2018 19:06:22","18/9/2018 19:06:22"
"1246","10","2","18/9/2018 19:06:25","18/9/2018 19:06:25"
"1247","10","10","18/9/2018 19:06:25","18/9/2018 19:06:25"
"1248","10","14","18/9/2018 19:06:25","18/9/2018 19:06:25"
"1249","10","15","18/9/2018 19:06:25","18/9/2018 19:06:25"
"1250","11","2","18/9/2018 19:06:29","18/9/2018 19:06:29"
"1251","11","14","18/9/2018 19:06:29","18/9/2018 19:06:29"
"1252","11","15","18/9/2018 19:06:29","18/9/2018 19:06:29"
"1253","12","2","18/9/2018 19:06:32","18/9/2018 19:06:32"
"1254","12","14","18/9/2018 19:06:32","18/9/2018 19:06:32"
"1255","12","15","18/9/2018 19:06:32","18/9/2018 19:06:32"
"1256","15","2","18/9/2018 19:06:36","18/9/2018 19:06:36"
"1257","15","10","18/9/2018 19:06:36","18/9/2018 19:06:36"
"1258","15","14","18/9/2018 19:06:36","18/9/2018 19:06:36"
"1259","15","15","18/9/2018 19:06:36","18/9/2018 19:06:36"
"1260","16","2","18/9/2018 19:06:39","18/9/2018 19:06:39"
"1261","16","10","18/9/2018 19:06:39","18/9/2018 19:06:39"
"1262","16","14","18/9/2018 19:06:39","18/9/2018 19:06:39"
"1263","16","15","18/9/2018 19:06:39","18/9/2018 19:06:39"
"1271","19","2","18/9/2018 19:06:49","18/9/2018 19:06:49"
"1272","19","14","18/9/2018 19:06:49","18/9/2018 19:06:49"
"1273","19","15","18/9/2018 19:06:49","18/9/2018 19:06:49"
"1274","20","2","18/9/2018 19:06:52","18/9/2018 19:06:52"
"1275","20","14","18/9/2018 19:06:52","18/9/2018 19:06:52"
"1276","20","15","18/9/2018 19:06:52","18/9/2018 19:06:52"
"1284","23","2","18/9/2018 19:08:15","18/9/2018 19:08:15"
"1285","23","14","18/9/2018 19:08:15","18/9/2018 19:08:15"
"1286","23","15","18/9/2018 19:08:16","18/9/2018 19:08:16"
"1287","24","2","18/9/2018 19:08:19","18/9/2018 19:08:19"
"1288","24","10","18/9/2018 19:08:19","18/9/2018 19:08:19"
"1289","24","14","18/9/2018 19:08:19","18/9/2018 19:08:19"
"1290","24","15","18/9/2018 19:08:19","18/9/2018 19:08:19"
"1291","25","2","18/9/2018 19:08:22","18/9/2018 19:08:22"
"1292","25","10","18/9/2018 19:08:22","18/9/2018 19:08:22"
"1293","25","14","18/9/2018 19:08:22","18/9/2018 19:08:22"
"1294","25","15","18/9/2018 19:08:22","18/9/2018 19:08:22"
"1305","62","2","18/9/2018 19:08:35","18/9/2018 19:08:35"
"1306","62","10","18/9/2018 19:08:35","18/9/2018 19:08:35"
"1307","62","14","18/9/2018 19:08:35","18/9/2018 19:08:35"
"1308","62","15","18/9/2018 19:08:35","18/9/2018 19:08:35"
"1309","63","2","18/9/2018 19:08:38","18/9/2018 19:08:38"
"1310","63","14","18/9/2018 19:08:38","18/9/2018 19:08:38"
"1311","63","15","18/9/2018 19:08:38","18/9/2018 19:08:38"
"1312","64","2","18/9/2018 19:08:41","18/9/2018 19:08:41"
"1313","64","10","18/9/2018 19:08:41","18/9/2018 19:08:41"
"1314","64","14","18/9/2018 19:08:41","18/9/2018 19:08:41"
"1315","64","15","18/9/2018 19:08:41","18/9/2018 19:08:41"
"1316","65","2","18/9/2018 19:08:45","18/9/2018 19:08:45"
"1317","65","14","18/9/2018 19:08:45","18/9/2018 19:08:45"
"1318","65","15","18/9/2018 19:08:45","18/9/2018 19:08:45"
"1319","66","2","18/9/2018 19:08:48","18/9/2018 19:08:48"
"1320","66","10","18/9/2018 19:08:48","18/9/2018 19:08:48"
"1321","66","14","18/9/2018 19:08:48","18/9/2018 19:08:48"
"1322","66","15","18/9/2018 19:08:49","18/9/2018 19:08:49"
"1323","67","2","18/9/2018 19:08:52","18/9/2018 19:08:52"
"1324","67","14","18/9/2018 19:08:52","18/9/2018 19:08:52"
"1325","67","15","18/9/2018 19:08:52","18/9/2018 19:08:52"
"1330","69","2","18/9/2018 19:08:59","18/9/2018 19:08:59"
"1331","69","14","18/9/2018 19:08:59","18/9/2018 19:08:59"
"1332","69","15","18/9/2018 19:08:59","18/9/2018 19:08:59"
"1333","70","2","18/9/2018 19:09:02","18/9/2018 19:09:02"
"1334","70","14","18/9/2018 19:09:02","18/9/2018 19:09:02"
"1335","70","15","18/9/2018 19:09:02","18/9/2018 19:09:02"
"1336","71","2","18/9/2018 19:09:05","18/9/2018 19:09:05"
"1337","71","10","18/9/2018 19:09:05","18/9/2018 19:09:05"
"1338","71","14","18/9/2018 19:09:05","18/9/2018 19:09:05"
"1339","71","15","18/9/2018 19:09:06","18/9/2018 19:09:06"
"1340","72","2","18/9/2018 19:09:09","18/9/2018 19:09:09"
"1341","72","14","18/9/2018 19:09:09","18/9/2018 19:09:09"
"1342","72","15","18/9/2018 19:09:09","18/9/2018 19:09:09"
"1343","73","2","18/9/2018 19:10:33","18/9/2018 19:10:33"
"1344","73","14","18/9/2018 19:10:33","18/9/2018 19:10:33"
"1345","73","15","18/9/2018 19:10:33","18/9/2018 19:10:33"
"1346","74","2","18/9/2018 19:10:36","18/9/2018 19:10:36"
"1347","74","10","18/9/2018 19:10:36","18/9/2018 19:10:36"
"1348","74","14","18/9/2018 19:10:36","18/9/2018 19:10:36"
"1349","74","15","18/9/2018 19:10:36","18/9/2018 19:10:36"
"1350","75","2","18/9/2018 19:10:40","18/9/2018 19:10:40"
"1351","75","14","18/9/2018 19:10:40","18/9/2018 19:10:40"
"1352","75","15","18/9/2018 19:10:40","18/9/2018 19:10:40"
"1353","76","2","18/9/2018 19:10:44","18/9/2018 19:10:44"
"1354","76","10","18/9/2018 19:10:44","18/9/2018 19:10:44"
"1355","76","14","18/9/2018 19:10:44","18/9/2018 19:10:44"
"1356","76","15","18/9/2018 19:10:44","18/9/2018 19:10:44"
"1357","77","2","18/9/2018 19:10:48","18/9/2018 19:10:48"
"1358","77","14","18/9/2018 19:10:48","18/9/2018 19:10:48"
"1359","77","15","18/9/2018 19:10:48","18/9/2018 19:10:48"
"1360","78","2","18/9/2018 19:10:51","18/9/2018 19:10:51"
"1361","78","10","18/9/2018 19:10:51","18/9/2018 19:10:51"
"1362","78","14","18/9/2018 19:10:51","18/9/2018 19:10:51"
"1363","78","15","18/9/2018 19:10:51","18/9/2018 19:10:51"
"1364","79","2","18/9/2018 19:10:54","18/9/2018 19:10:54"
"1365","79","10","18/9/2018 19:10:54","18/9/2018 19:10:54"
"1366","79","14","18/9/2018 19:10:54","18/9/2018 19:10:54"
"1367","79","15","18/9/2018 19:10:54","18/9/2018 19:10:54"
"1368","80","2","18/9/2018 19:10:58","18/9/2018 19:10:58"
"1369","80","14","18/9/2018 19:10:58","18/9/2018 19:10:58"
"1370","80","15","18/9/2018 19:10:58","18/9/2018 19:10:58"
"1371","81","2","18/9/2018 19:11:00","18/9/2018 19:11:00"
"1372","81","14","18/9/2018 19:11:01","18/9/2018 19:11:01"
"1373","81","15","18/9/2018 19:11:01","18/9/2018 19:11:01"
"1374","82","2","18/9/2018 19:11:04","18/9/2018 19:11:04"
"1375","82","10","18/9/2018 19:11:04","18/9/2018 19:11:04"
"1376","82","14","18/9/2018 19:11:04","18/9/2018 19:11:04"
"1377","82","15","18/9/2018 19:11:04","18/9/2018 19:11:04"
"1378","83","2","18/9/2018 19:11:07","18/9/2018 19:11:07"
"1379","83","10","18/9/2018 19:11:07","18/9/2018 19:11:07"
"1380","83","14","18/9/2018 19:11:07","18/9/2018 19:11:07"
"1381","83","15","18/9/2018 19:11:07","18/9/2018 19:11:07"
"1382","84","2","18/9/2018 19:11:10","18/9/2018 19:11:10"
"1383","84","14","18/9/2018 19:11:10","18/9/2018 19:11:10"
"1384","84","15","18/9/2018 19:11:10","18/9/2018 19:11:10"
"1403","101","2","18/9/2018 19:11:29","18/9/2018 19:11:29"
"1404","101","14","18/9/2018 19:11:29","18/9/2018 19:11:29"
"1405","101","15","18/9/2018 19:11:29","18/9/2018 19:11:29"
"1406","102","2","18/9/2018 19:11:32","18/9/2018 19:11:32"
"1407","102","14","18/9/2018 19:11:32","18/9/2018 19:11:32"
"1408","102","15","18/9/2018 19:11:33","18/9/2018 19:11:33"
"1409","103","2","18/9/2018 19:12:39","18/9/2018 19:12:39"
"1410","103","11","18/9/2018 19:12:39","18/9/2018 19:12:39"
"1411","103","14","18/9/2018 19:12:39","18/9/2018 19:12:39"
"1412","103","15","18/9/2018 19:12:39","18/9/2018 19:12:39"
"1413","104","2","18/9/2018 19:12:42","18/9/2018 19:12:42"
"1414","104","14","18/9/2018 19:12:42","18/9/2018 19:12:42"
"1415","104","15","18/9/2018 19:12:42","18/9/2018 19:12:42"
"1416","105","2","18/9/2018 19:12:45","18/9/2018 19:12:45"
"1417","105","11","18/9/2018 19:12:45","18/9/2018 19:12:45"
"1418","105","14","18/9/2018 19:12:45","18/9/2018 19:12:45"
"1419","105","15","18/9/2018 19:12:45","18/9/2018 19:12:45"
"1454","121","2","18/9/2018 19:13:34","18/9/2018 19:13:34"
"1455","121","8","18/9/2018 19:13:34","18/9/2018 19:13:34"
"1456","121","9","18/9/2018 19:13:34","18/9/2018 19:13:34"
"1457","121","14","18/9/2018 19:13:34","18/9/2018 19:13:34"
"1458","121","15","18/9/2018 19:13:34","18/9/2018 19:13:34"
"1459","122","2","18/9/2018 19:13:37","18/9/2018 19:13:37"
"1460","122","9","18/9/2018 19:13:37","18/9/2018 19:13:37"
"1461","122","14","18/9/2018 19:13:37","18/9/2018 19:13:37"
"1462","122","15","18/9/2018 19:13:37","18/9/2018 19:13:37"
"1463","123","2","18/9/2018 19:13:40","18/9/2018 19:13:40"
"1464","123","9","18/9/2018 19:13:40","18/9/2018 19:13:40"
"1465","123","14","18/9/2018 19:13:40","18/9/2018 19:13:40"
"1466","123","15","18/9/2018 19:13:40","18/9/2018 19:13:40"
"1467","124","2","18/9/2018 19:13:44","18/9/2018 19:13:44"
"1468","124","9","18/9/2018 19:13:44","18/9/2018 19:13:44"
"1469","124","14","18/9/2018 19:13:44","18/9/2018 19:13:44"
"1470","124","15","18/9/2018 19:13:44","18/9/2018 19:13:44"
"1471","125","2","18/9/2018 19:13:47","18/9/2018 19:13:47"
"1472","125","9","18/9/2018 19:13:47","18/9/2018 19:13:47"
"1473","125","14","18/9/2018 19:13:47","18/9/2018 19:13:47"
"1474","125","15","18/9/2018 19:13:47","18/9/2018 19:13:47"
"1479","86","2","3/10/2018 15:34:22","3/10/2018 15:34:22"
"1480","86","14","3/10/2018 15:34:22","3/10/2018 15:34:22"
"1481","86","15","3/10/2018 15:34:22","3/10/2018 15:34:22"
"1486","88","2","3/10/2018 15:34:39","3/10/2018 15:34:39"
"1487","88","13","3/10/2018 15:34:39","3/10/2018 15:34:39"
"1488","88","14","3/10/2018 15:34:39","3/10/2018 15:34:39"
"1489","88","15","3/10/2018 15:34:39","3/10/2018 15:34:39"
"1490","89","2","3/10/2018 15:34:51","3/10/2018 15:34:51"
"1491","89","14","3/10/2018 15:34:51","3/10/2018 15:34:51"
"1492","89","15","3/10/2018 15:34:51","3/10/2018 15:34:51"
"1493","85","2","3/10/2018 15:34:55","3/10/2018 15:34:55"
"1494","85","9","3/10/2018 15:34:55","3/10/2018 15:34:55"
"1495","85","14","3/10/2018 15:34:55","3/10/2018 15:34:55"
"1496","85","15","3/10/2018 15:34:55","3/10/2018 15:34:55"
"1497","21","2","3/10/2018 15:44:20","3/10/2018 15:44:20"
"1498","21","10","3/10/2018 15:44:20","3/10/2018 15:44:20"
"1499","21","14","3/10/2018 15:44:20","3/10/2018 15:44:20"
"1500","21","15","3/10/2018 15:44:20","3/10/2018 15:44:20"
"1501","17","2","3/10/2018 15:44:26","3/10/2018 15:44:26"
"1502","17","9","3/10/2018 15:44:26","3/10/2018 15:44:26"
"1503","17","14","3/10/2018 15:44:26","3/10/2018 15:44:26"
"1504","17","15","3/10/2018 15:44:26","3/10/2018 15:44:26"
"1572","31","2","28/10/2018 15:28:20","28/10/2018 15:28:20"
"1573","31","10","28/10/2018 15:28:20","28/10/2018 15:28:20"
"1574","31","14","28/10/2018 15:28:20","28/10/2018 15:28:20"
"1575","31","15","28/10/2018 15:28:20","28/10/2018 15:28:20"
"1576","41","2","28/10/2018 15:30:51","28/10/2018 15:30:51"
"1577","41","14","28/10/2018 15:30:51","28/10/2018 15:30:51"
"1578","41","15","28/10/2018 15:30:51","28/10/2018 15:30:51"
"1579","51","2","28/10/2018 15:31:27","28/10/2018 15:31:27"
"1580","51","14","28/10/2018 15:31:27","28/10/2018 15:31:27"
"1581","51","15","28/10/2018 15:31:27","28/10/2018 15:31:27"
"1636","135","2","31/10/2018 17:52:20","31/10/2018 17:52:20"
"1637","135","9","31/10/2018 17:52:20","31/10/2018 17:52:20"
"1638","135","14","31/10/2018 17:52:20","31/10/2018 17:52:20"
"1639","135","15","31/10/2018 17:52:20","31/10/2018 17:52:20"
"1640","134","2","31/10/2018 17:52:23","31/10/2018 17:52:23"
"1641","134","9","31/10/2018 17:52:23","31/10/2018 17:52:23"
"1642","134","14","31/10/2018 17:52:23","31/10/2018 17:52:23"
"1643","134","15","31/10/2018 17:52:23","31/10/2018 17:52:23"
"1647","133","2","31/10/2018 17:52:25","31/10/2018 17:52:25"
"1648","133","14","31/10/2018 17:52:25","31/10/2018 17:52:25"
"1649","133","15","31/10/2018 17:52:25","31/10/2018 17:52:25"
"1650","132","2","31/10/2018 17:52:27","31/10/2018 17:52:27"
"1651","132","9","31/10/2018 17:52:27","31/10/2018 17:52:27"
"1652","132","14","31/10/2018 17:52:27","31/10/2018 17:52:27"
"1653","132","15","31/10/2018 17:52:27","31/10/2018 17:52:27"
"1654","131","2","31/10/2018 17:52:30","31/10/2018 17:52:30"
"1655","131","14","31/10/2018 17:52:30","31/10/2018 17:52:30"
"1656","131","15","31/10/2018 17:52:30","31/10/2018 17:52:30"
"1672","139","2","8/11/2018 09:00:07","8/11/2018 09:00:07"
"1673","139","9","8/11/2018 09:00:07","8/11/2018 09:00:07"
"1674","139","14","8/11/2018 09:00:07","8/11/2018 09:00:07"
"1675","139","15","8/11/2018 09:00:07","8/11/2018 09:00:07"
"1676","138","2","8/11/2018 09:00:09","8/11/2018 09:00:09"
"1677","138","9","8/11/2018 09:00:09","8/11/2018 09:00:09"
"1678","138","14","8/11/2018 09:00:09","8/11/2018 09:00:09"
"1679","138","15","8/11/2018 09:00:09","8/11/2018 09:00:09"
"1680","137","2","8/11/2018 09:00:11","8/11/2018 09:00:11"
"1681","137","14","8/11/2018 09:00:11","8/11/2018 09:00:11"
"1682","137","15","8/11/2018 09:00:11","8/11/2018 09:00:11"
"1691","136","2","8/11/2018 11:03:42","8/11/2018 11:03:42"
"1692","136","9","8/11/2018 11:03:42","8/11/2018 11:03:42"
"1693","136","14","8/11/2018 11:03:42","8/11/2018 11:03:42"
"1694","136","15","8/11/2018 11:03:43","8/11/2018 11:03:43"
"1695","3","2","19/12/2018 14:56:54","19/12/2018 14:56:54"
"1696","3","14","19/12/2018 14:56:54","19/12/2018 14:56:54"
"1697","3","15","19/12/2018 14:56:54","19/12/2018 14:56:54"
"1698","141","2","25/12/2018 12:43:53","25/12/2018 12:43:53"
"1699","141","9","25/12/2018 12:43:53","25/12/2018 12:43:53"
"1700","141","14","25/12/2018 12:43:53","25/12/2018 12:43:53"
"1701","141","15","25/12/2018 12:43:53","25/12/2018 12:43:53"
"1702","140","2","25/12/2018 12:43:54","25/12/2018 12:43:54"
"1703","140","9","25/12/2018 12:43:54","25/12/2018 12:43:54"
"1704","140","14","25/12/2018 12:43:54","25/12/2018 12:43:54"
"1705","140","15","25/12/2018 12:43:54","25/12/2018 12:43:54"
"1741","146","2","1/2/2019 06:26:36","1/2/2019 06:26:36"
"1742","146","14","1/2/2019 06:26:36","1/2/2019 06:26:36"
"1743","146","15","1/2/2019 06:26:36","1/2/2019 06:26:36"
"1744","147","2","1/2/2019 06:26:43","1/2/2019 06:26:43"
"1745","147","14","1/2/2019 06:26:43","1/2/2019 06:26:43"
"1746","147","15","1/2/2019 06:26:43","1/2/2019 06:26:43"
"1747","148","2","1/2/2019 06:26:47","1/2/2019 06:26:47"
"1748","148","9","1/2/2019 06:26:47","1/2/2019 06:26:47"
"1749","148","14","1/2/2019 06:26:47","1/2/2019 06:26:47"
"1750","148","15","1/2/2019 06:26:47","1/2/2019 06:26:47"
"1751","144","2","1/2/2019 06:27:01","1/2/2019 06:27:01"
"1752","144","14","1/2/2019 06:27:01","1/2/2019 06:27:01"
"1753","144","15","1/2/2019 06:27:01","1/2/2019 06:27:01"
"1947","145","2","22/2/2019 10:24:12","22/2/2019 10:24:12"
"1948","145","9","22/2/2019 10:24:12","22/2/2019 10:24:12"
"1949","145","14","22/2/2019 10:24:12","22/2/2019 10:24:12"
"1950","145","15","22/2/2019 10:24:12","22/2/2019 10:24:12"
"1979","18","2","12/3/2019 14:02:53","12/3/2019 14:02:53"
"1980","18","13","12/3/2019 14:02:53","12/3/2019 14:02:53"
"1981","18","14","12/3/2019 14:02:53","12/3/2019 14:02:53"
"1982","18","15","12/3/2019 14:02:53","12/3/2019 14:02:53"
"2000","166","2","28/3/2019 16:36:14","28/3/2019 16:36:14"
"2001","166","14","28/3/2019 16:36:14","28/3/2019 16:36:14"
"2002","166","15","28/3/2019 16:36:14","28/3/2019 16:36:14"
"2003","167","2","28/3/2019 16:36:19","28/3/2019 16:36:19"
"2004","167","14","28/3/2019 16:36:19","28/3/2019 16:36:19"
"2005","167","15","28/3/2019 16:36:19","28/3/2019 16:36:19"
"2006","113","2","29/3/2019 17:50:56","29/3/2019 17:50:56"
"2007","113","9","29/3/2019 17:50:56","29/3/2019 17:50:56"
"2008","113","14","29/3/2019 17:50:56","29/3/2019 17:50:56"
"2009","113","15","29/3/2019 17:50:56","29/3/2019 17:50:56"
"2010","112","2","29/3/2019 17:51:22","29/3/2019 17:51:22"
"2011","112","14","29/3/2019 17:51:22","29/3/2019 17:51:22"
"2012","112","15","29/3/2019 17:51:22","29/3/2019 17:51:22"
"2013","110","2","29/3/2019 17:52:02","29/3/2019 17:52:02"
"2014","110","14","29/3/2019 17:52:02","29/3/2019 17:52:02"
"2015","110","15","29/3/2019 17:52:02","29/3/2019 17:52:02"
"2016","111","2","29/3/2019 17:52:05","29/3/2019 17:52:05"
"2017","111","9","29/3/2019 17:52:05","29/3/2019 17:52:05"
"2018","111","14","29/3/2019 17:52:05","29/3/2019 17:52:05"
"2019","111","15","29/3/2019 17:52:05","29/3/2019 17:52:05"
"2020","114","2","29/3/2019 17:52:09","29/3/2019 17:52:09"
"2021","114","9","29/3/2019 17:52:09","29/3/2019 17:52:09"
"2022","114","14","29/3/2019 17:52:09","29/3/2019 17:52:09"
"2023","114","15","29/3/2019 17:52:09","29/3/2019 17:52:09"
"2024","115","2","29/3/2019 17:52:14","29/3/2019 17:52:14"
"2025","115","14","29/3/2019 17:52:14","29/3/2019 17:52:14"
"2026","115","15","29/3/2019 17:52:14","29/3/2019 17:52:14"
"2027","116","2","29/3/2019 17:52:18","29/3/2019 17:52:18"
"2028","116","14","29/3/2019 17:52:18","29/3/2019 17:52:18"
"2029","116","15","29/3/2019 17:52:18","29/3/2019 17:52:18"
"2030","117","2","29/3/2019 17:52:24","29/3/2019 17:52:24"
"2031","117","14","29/3/2019 17:52:24","29/3/2019 17:52:24"
"2032","117","15","29/3/2019 17:52:24","29/3/2019 17:52:24"
"2033","118","2","29/3/2019 17:52:27","29/3/2019 17:52:27"
"2034","118","13","29/3/2019 17:52:27","29/3/2019 17:52:27"
"2035","118","14","29/3/2019 17:52:27","29/3/2019 17:52:27"
"2036","118","15","29/3/2019 17:52:27","29/3/2019 17:52:27"
"2037","119","2","29/3/2019 17:52:31","29/3/2019 17:52:31"
"2038","119","14","29/3/2019 17:52:31","29/3/2019 17:52:31"
"2039","119","15","29/3/2019 17:52:31","29/3/2019 17:52:31"
"2040","149","2","12/4/2019 13:53:37","12/4/2019 13:53:37"
"2041","149","9","12/4/2019 13:53:37","12/4/2019 13:53:37"
"2042","149","14","12/4/2019 13:53:37","12/4/2019 13:53:37"
"2043","149","15","12/4/2019 13:53:37","12/4/2019 13:53:37"
"2044","150","2","12/4/2019 13:53:42","12/4/2019 13:53:42"
"2045","150","9","12/4/2019 13:53:42","12/4/2019 13:53:42"
"2046","150","14","12/4/2019 13:53:42","12/4/2019 13:53:42"
"2047","150","15","12/4/2019 13:53:42","12/4/2019 13:53:42"
"2048","151","2","12/4/2019 13:54:14","12/4/2019 13:54:14"
"2049","151","14","12/4/2019 13:54:14","12/4/2019 13:54:14"
"2050","151","15","12/4/2019 13:54:14","12/4/2019 13:54:14"
"2051","151","16","12/4/2019 13:54:14","12/4/2019 13:54:14"
"2052","152","2","12/4/2019 13:54:17","12/4/2019 13:54:17"
"2053","152","14","12/4/2019 13:54:17","12/4/2019 13:54:17"
"2054","152","15","12/4/2019 13:54:17","12/4/2019 13:54:17"
"2055","153","2","12/4/2019 13:54:21","12/4/2019 13:54:21"
"2056","153","9","12/4/2019 13:54:21","12/4/2019 13:54:21"
"2057","153","14","12/4/2019 13:54:21","12/4/2019 13:54:21"
"2058","153","15","12/4/2019 13:54:21","12/4/2019 13:54:21"
"2059","154","2","12/4/2019 13:54:27","12/4/2019 13:54:27"
"2060","154","14","12/4/2019 13:54:27","12/4/2019 13:54:27"
"2061","154","15","12/4/2019 13:54:27","12/4/2019 13:54:27"
"2062","154","16","12/4/2019 13:54:27","12/4/2019 13:54:27"
"2063","155","2","12/4/2019 13:54:31","12/4/2019 13:54:31"
"2064","155","14","12/4/2019 13:54:31","12/4/2019 13:54:31"
"2065","155","15","12/4/2019 13:54:31","12/4/2019 13:54:31"
"2066","155","16","12/4/2019 13:54:31","12/4/2019 13:54:31"
"2067","156","2","12/4/2019 13:54:35","12/4/2019 13:54:35"
"2068","156","14","12/4/2019 13:54:35","12/4/2019 13:54:35"
"2069","156","15","12/4/2019 13:54:35","12/4/2019 13:54:35"
"2070","157","2","12/4/2019 13:54:46","12/4/2019 13:54:46"
"2071","157","9","12/4/2019 13:54:46","12/4/2019 13:54:46"
"2072","157","14","12/4/2019 13:54:46","12/4/2019 13:54:46"
"2073","157","15","12/4/2019 13:54:46","12/4/2019 13:54:46"
"2074","158","2","12/4/2019 13:54:48","12/4/2019 13:54:48"
"2075","158","9","12/4/2019 13:54:48","12/4/2019 13:54:48"
"2076","158","14","12/4/2019 13:54:48","12/4/2019 13:54:48"
"2077","158","15","12/4/2019 13:54:48","12/4/2019 13:54:48"
"2078","159","2","12/4/2019 13:54:51","12/4/2019 13:54:51"
"2079","159","9","12/4/2019 13:54:51","12/4/2019 13:54:51"
"2080","159","14","12/4/2019 13:54:52","12/4/2019 13:54:52"
"2081","159","15","12/4/2019 13:54:52","12/4/2019 13:54:52"
"2082","160","2","12/4/2019 13:54:54","12/4/2019 13:54:54"
"2083","160","14","12/4/2019 13:54:54","12/4/2019 13:54:54"
"2084","160","15","12/4/2019 13:54:54","12/4/2019 13:54:54"
"2085","161","2","12/4/2019 13:54:58","12/4/2019 13:54:58"
"2086","161","14","12/4/2019 13:54:58","12/4/2019 13:54:58"
"2087","161","15","12/4/2019 13:54:58","12/4/2019 13:54:58"
"2088","161","16","12/4/2019 13:54:58","12/4/2019 13:54:58"
"2089","162","2","12/4/2019 13:55:02","12/4/2019 13:55:02"
"2090","162","9","12/4/2019 13:55:02","12/4/2019 13:55:02"
"2091","162","14","12/4/2019 13:55:02","12/4/2019 13:55:02"
"2092","162","15","12/4/2019 13:55:02","12/4/2019 13:55:02"
"2097","164","2","26/4/2019 19:33:24","26/4/2019 19:33:24"
"2098","164","9","26/4/2019 19:33:24","26/4/2019 19:33:24"
"2099","164","14","26/4/2019 19:33:24","26/4/2019 19:33:24"
"2100","165","2","26/4/2019 19:33:26","26/4/2019 19:33:26"
"2101","165","14","26/4/2019 19:33:26","26/4/2019 19:33:26"
"2102","165","15","26/4/2019 19:33:26","26/4/2019 19:33:26"
"2103","165","17","26/4/2019 19:33:26","26/4/2019 19:33:26"
"2104","170","2","24/5/2019 12:41:26","24/5/2019 12:41:26"
"2105","170","9","24/5/2019 12:41:26","24/5/2019 12:41:26"
"2106","170","14","24/5/2019 12:41:26","24/5/2019 12:41:26"
"2107","169","2","24/5/2019 12:41:27","24/5/2019 12:41:27"
"2108","169","14","24/5/2019 12:41:27","24/5/2019 12:41:27"
"2109","169","17","24/5/2019 12:41:27","24/5/2019 12:41:27"
"2110","168","2","24/5/2019 12:41:31","24/5/2019 12:41:31"
"2111","168","9","24/5/2019 12:41:31","24/5/2019 12:41:31"
"2112","168","14","24/5/2019 12:41:31","24/5/2019 12:41:31"
"2170","175","2","1/8/2019 14:15:23","1/8/2019 14:15:23"
"2171","175","9","1/8/2019 14:15:23","1/8/2019 14:15:23"
"2172","175","14","1/8/2019 14:15:23","1/8/2019 14:15:23"
"2173","175","15","1/8/2019 14:15:23","1/8/2019 14:15:23"
"2174","178","2","1/8/2019 14:15:54","1/8/2019 14:15:54"
"2175","178","14","1/8/2019 14:15:54","1/8/2019 14:15:54"
"2176","178","15","1/8/2019 14:15:54","1/8/2019 14:15:54"
"2177","178","21","1/8/2019 14:15:54","1/8/2019 14:15:54"
"2178","177","2","1/8/2019 14:16:01","1/8/2019 14:16:01"
"2179","177","14","1/8/2019 14:16:01","1/8/2019 14:16:01"
"2180","177","15","1/8/2019 14:16:01","1/8/2019 14:16:01"
"2181","177","20","1/8/2019 14:16:01","1/8/2019 14:16:01"
"2182","176","2","1/8/2019 14:16:11","1/8/2019 14:16:11"
"2183","176","14","1/8/2019 14:16:11","1/8/2019 14:16:11"
"2184","176","15","1/8/2019 14:16:11","1/8/2019 14:16:11"
"2185","176","19","1/8/2019 14:16:11","1/8/2019 14:16:11"
"2186","172","2","1/8/2019 14:16:22","1/8/2019 14:16:22"
"2187","172","9","1/8/2019 14:16:22","1/8/2019 14:16:22"
"2188","172","14","1/8/2019 14:16:22","1/8/2019 14:16:22"
"2189","172","15","1/8/2019 14:16:22","1/8/2019 14:16:22"
"2190","173","2","1/8/2019 14:16:26","1/8/2019 14:16:26"
"2191","173","14","1/8/2019 14:16:26","1/8/2019 14:16:26"
"2192","173","15","1/8/2019 14:16:26","1/8/2019 14:16:26"
"2193","174","2","1/8/2019 14:16:32","1/8/2019 14:16:32"
"2194","174","14","1/8/2019 14:16:32","1/8/2019 14:16:32"
"2195","174","15","1/8/2019 14:16:32","1/8/2019 14:16:32"
"2196","174","18","1/8/2019 14:16:32","1/8/2019 14:16:32"
"2209","171","2","5/8/2019 23:28:10","5/8/2019 23:28:10"
"2210","171","14","5/8/2019 23:28:10","5/8/2019 23:28:10"
"2211","171","15","5/8/2019 23:28:10","5/8/2019 23:28:10"
"2216","142","2","3/9/2019 14:24:09","3/9/2019 14:24:09"
"2217","142","9","3/9/2019 14:24:09","3/9/2019 14:24:09"
"2218","142","14","3/9/2019 14:24:09","3/9/2019 14:24:09"
"2219","142","15","3/9/2019 14:24:09","3/9/2019 14:24:09"
"2220","142","22","3/9/2019 14:24:09","3/9/2019 14:24:09"
"2221","143","2","3/9/2019 14:24:23","3/9/2019 14:24:23"
"2222","143","9","3/9/2019 14:24:23","3/9/2019 14:24:23"
"2223","143","14","3/9/2019 14:24:23","3/9/2019 14:24:23"
"2224","143","15","3/9/2019 14:24:23","3/9/2019 14:24:23"
"2225","143","22","3/9/2019 14:24:23","3/9/2019 14:24:23"
"2226","68","2","4/9/2019 17:22:19","4/9/2019 17:22:19"
"2227","68","9","4/9/2019 17:22:19","4/9/2019 17:22:19"
"2228","68","14","4/9/2019 17:22:19","4/9/2019 17:22:19"
"2229","68","15","4/9/2019 17:22:19","4/9/2019 17:22:19"
"2260","180","2","27/9/2019 09:24:36","27/9/2019 09:24:36"
"2261","180","14","27/9/2019 09:24:36","27/9/2019 09:24:36"
"2262","180","15","27/9/2019 09:24:36","27/9/2019 09:24:36"
"2263","180","22","27/9/2019 09:24:36","27/9/2019 09:24:36"
"2264","180","23","27/9/2019 09:24:36","27/9/2019 09:24:36"
"2270","181","2","27/9/2019 09:28:23","27/9/2019 09:28:23"
"2271","181","14","27/9/2019 09:28:23","27/9/2019 09:28:23"
"2272","181","15","27/9/2019 09:28:24","27/9/2019 09:28:24"
"2273","181","21","27/9/2019 09:28:24","27/9/2019 09:28:24"
"2274","181","22","27/9/2019 09:28:24","27/9/2019 09:28:24"
"2283","179","2","1/10/2019 13:12:09","1/10/2019 13:12:09"
"2284","179","14","1/10/2019 13:12:09","1/10/2019 13:12:09"
"2285","179","15","1/10/2019 13:12:09","1/10/2019 13:12:09"
"2286","179","22","1/10/2019 13:12:09","1/10/2019 13:12:09"
"2287","87","2","1/10/2019 14:53:55","1/10/2019 14:53:55"
"2288","87","9","1/10/2019 14:53:55","1/10/2019 14:53:55"
"2289","87","14","1/10/2019 14:53:55","1/10/2019 14:53:55"
"2290","87","15","1/10/2019 14:53:55","1/10/2019 14:53:55"
"2294","22","2","27/10/2019 23:51:37","27/10/2019 23:51:37"
"2295","22","10","27/10/2019 23:51:37","27/10/2019 23:51:37"
"2296","22","14","27/10/2019 23:51:37","27/10/2019 23:51:37"
"2297","22","15","27/10/2019 23:51:37","27/10/2019 23:51:37"
"2298","183","2","28/10/2019 10:55:18","28/10/2019 10:55:18"
"2299","183","14","28/10/2019 10:55:18","28/10/2019 10:55:18"
"2300","183","15","28/10/2019 10:55:18","28/10/2019 10:55:18"
"2301","183","22","28/10/2019 10:55:18","28/10/2019 10:55:18"
"2312","184","2","31/10/2019 16:19:23","31/10/2019 16:19:23"
"2313","184","9","31/10/2019 16:19:23","31/10/2019 16:19:23"
"2314","184","14","31/10/2019 16:19:23","31/10/2019 16:19:23"
"2315","184","22","31/10/2019 16:19:23","31/10/2019 16:19:23"
"2316","182","2","1/11/2019 14:05:40","1/11/2019 14:05:40"
"2317","182","14","1/11/2019 14:05:40","1/11/2019 14:05:40"
"2318","182","22","1/11/2019 14:05:40","1/11/2019 14:05:40"
"2324","127","2","11/11/2019 14:36:49","11/11/2019 14:36:49"
"2325","127","14","11/11/2019 14:36:49","11/11/2019 14:36:49"
"2326","126","2","11/11/2019 14:37:01","11/11/2019 14:37:01"
"2327","126","9","11/11/2019 14:37:01","11/11/2019 14:37:01"
"2328","126","14","11/11/2019 14:37:01","11/11/2019 14:37:01"
"2329","128","2","11/11/2019 14:37:16","11/11/2019 14:37:16"
"2330","128","14","11/11/2019 14:37:16","11/11/2019 14:37:16"
"2331","129","2","11/11/2019 14:37:33","11/11/2019 14:37:33"
"2332","129","9","11/11/2019 14:37:33","11/11/2019 14:37:33"
"2333","129","14","11/11/2019 14:37:33","11/11/2019 14:37:33"
"2334","130","2","11/11/2019 14:37:41","11/11/2019 14:37:41"
"2335","130","9","11/11/2019 14:37:41","11/11/2019 14:37:41"
"2336","130","14","11/11/2019 14:37:41","11/11/2019 14:37:41"
"2337","163","2","15/11/2019 18:35:58","15/11/2019 18:35:58"
"2338","163","9","15/11/2019 18:35:58","15/11/2019 18:35:58"
"2339","163","14","15/11/2019 18:35:58","15/11/2019 18:35:58"
"2340","163","22","15/11/2019 18:35:58","15/11/2019 18:35:58"
"2366","187","2","15/11/2019 23:03:32","15/11/2019 23:03:32"
"2367","187","14","15/11/2019 23:03:32","15/11/2019 23:03:32"
"2368","187","22","15/11/2019 23:03:32","15/11/2019 23:03:32"
"2369","187","23","15/11/2019 23:03:32","15/11/2019 23:03:32"
"2370","186","2","15/11/2019 23:03:34","15/11/2019 23:03:34"
"2371","186","14","15/11/2019 23:03:34","15/11/2019 23:03:34"
"2372","186","22","15/11/2019 23:03:34","15/11/2019 23:03:34"
"2373","186","23","15/11/2019 23:03:34","15/11/2019 23:03:34"
"2374","185","2","15/11/2019 23:03:36","15/11/2019 23:03:36"
"2375","185","14","15/11/2019 23:03:36","15/11/2019 23:03:36"
"2376","185","22","15/11/2019 23:03:36","15/11/2019 23:03:36"
"2377","185","23","15/11/2019 23:03:36","15/11/2019 23:03:36"
