"id","space_id","use_id","created_at","updated_at"
"14787","1","0","9/8/2017 08:54:57","9/8/2017 08:54:57"
"14788","1","1","9/8/2017 08:54:57","9/8/2017 08:54:57"
"14789","1","3","9/8/2017 08:54:57","9/8/2017 08:54:57"
"14790","1","4","9/8/2017 08:54:57","9/8/2017 08:54:57"
"14791","1","5","9/8/2017 08:54:57","9/8/2017 08:54:57"
"14792","1","6","9/8/2017 08:54:57","9/8/2017 08:54:57"
"14793","1","7","9/8/2017 08:54:57","9/8/2017 08:54:57"
"14794","1","8","9/8/2017 08:54:57","9/8/2017 08:54:57"
"14795","1","9","9/8/2017 08:54:57","9/8/2017 08:54:57"
"14796","1","10","9/8/2017 08:54:57","9/8/2017 08:54:57"
"14797","1","11","9/8/2017 08:54:57","9/8/2017 08:54:57"
"14798","1","12","9/8/2017 08:54:57","9/8/2017 08:54:57"
"14799","1","13","9/8/2017 08:54:57","9/8/2017 08:54:57"
"14800","1","14","9/8/2017 08:54:58","9/8/2017 08:54:58"
"16655","61","0","9/9/2017 10:53:16","9/9/2017 10:53:16"
"16656","61","3","9/9/2017 10:53:16","9/9/2017 10:53:16"
"16657","61","6","9/9/2017 10:53:16","9/9/2017 10:53:16"
"16658","61","7","9/9/2017 10:53:16","9/9/2017 10:53:16"
"16659","61","8","9/9/2017 10:53:16","9/9/2017 10:53:16"
"16660","61","9","9/9/2017 10:53:16","9/9/2017 10:53:16"
"16661","61","10","9/9/2017 10:53:16","9/9/2017 10:53:16"
"16662","61","11","9/9/2017 10:53:16","9/9/2017 10:53:16"
"19336","106","1","12/12/2017 11:48:04","12/12/2017 11:48:04"
"19337","106","3","12/12/2017 11:48:04","12/12/2017 11:48:04"
"19338","106","4","12/12/2017 11:48:04","12/12/2017 11:48:04"
"19339","106","5","12/12/2017 11:48:04","12/12/2017 11:48:04"
"19340","106","6","12/12/2017 11:48:04","12/12/2017 11:48:04"
"19341","106","7","12/12/2017 11:48:05","12/12/2017 11:48:05"
"19342","106","8","12/12/2017 11:48:05","12/12/2017 11:48:05"
"19343","106","9","12/12/2017 11:48:05","12/12/2017 11:48:05"
"19344","106","10","12/12/2017 11:48:05","12/12/2017 11:48:05"
"19345","106","11","12/12/2017 11:48:05","12/12/2017 11:48:05"
"19346","106","12","12/12/2017 11:48:05","12/12/2017 11:48:05"
"19347","106","13","12/12/2017 11:48:05","12/12/2017 11:48:05"
"19348","106","14","12/12/2017 11:48:05","12/12/2017 11:48:05"
"19349","108","1","12/12/2017 12:00:09","12/12/2017 12:00:09"
"19350","108","3","12/12/2017 12:00:09","12/12/2017 12:00:09"
"19351","108","4","12/12/2017 12:00:09","12/12/2017 12:00:09"
"19352","108","5","12/12/2017 12:00:09","12/12/2017 12:00:09"
"19353","108","6","12/12/2017 12:00:09","12/12/2017 12:00:09"
"19354","108","8","12/12/2017 12:00:09","12/12/2017 12:00:09"
"19355","108","9","12/12/2017 12:00:09","12/12/2017 12:00:09"
"19356","108","10","12/12/2017 12:00:09","12/12/2017 12:00:09"
"19357","108","11","12/12/2017 12:00:09","12/12/2017 12:00:09"
"19358","108","13","12/12/2017 12:00:09","12/12/2017 12:00:09"
"19359","108","14","12/12/2017 12:00:09","12/12/2017 12:00:09"
"19384","109","1","12/12/2017 12:15:10","12/12/2017 12:15:10"
"19385","109","3","12/12/2017 12:15:10","12/12/2017 12:15:10"
"19386","109","4","12/12/2017 12:15:10","12/12/2017 12:15:10"
"19387","109","5","12/12/2017 12:15:10","12/12/2017 12:15:10"
"19388","109","6","12/12/2017 12:15:10","12/12/2017 12:15:10"
"19389","109","7","12/12/2017 12:15:10","12/12/2017 12:15:10"
"19390","109","8","12/12/2017 12:15:10","12/12/2017 12:15:10"
"19391","109","9","12/12/2017 12:15:10","12/12/2017 12:15:10"
"19392","109","10","12/12/2017 12:15:10","12/12/2017 12:15:10"
"19393","109","11","12/12/2017 12:15:10","12/12/2017 12:15:10"
"19394","109","12","12/12/2017 12:15:10","12/12/2017 12:15:10"
"19395","109","13","12/12/2017 12:15:10","12/12/2017 12:15:10"
"19396","109","14","12/12/2017 12:15:10","12/12/2017 12:15:10"
"19410","107","1","12/12/2017 12:50:10","12/12/2017 12:50:10"
"19411","107","3","12/12/2017 12:50:10","12/12/2017 12:50:10"
"19412","107","4","12/12/2017 12:50:10","12/12/2017 12:50:10"
"19413","107","5","12/12/2017 12:50:10","12/12/2017 12:50:10"
"19414","107","6","12/12/2017 12:50:10","12/12/2017 12:50:10"
"19415","107","7","12/12/2017 12:50:10","12/12/2017 12:50:10"
"19416","107","8","12/12/2017 12:50:10","12/12/2017 12:50:10"
"19417","107","9","12/12/2017 12:50:10","12/12/2017 12:50:10"
"19418","107","10","12/12/2017 12:50:10","12/12/2017 12:50:10"
"19419","107","11","12/12/2017 12:50:10","12/12/2017 12:50:10"
"19420","107","12","12/12/2017 12:50:10","12/12/2017 12:50:10"
"19421","107","13","12/12/2017 12:50:10","12/12/2017 12:50:10"
"19422","107","14","12/12/2017 12:50:10","12/12/2017 12:50:10"
"19510","13","1","27/12/2017 20:59:16","27/12/2017 20:59:16"
"19511","13","3","27/12/2017 20:59:16","27/12/2017 20:59:16"
"19512","13","4","27/12/2017 20:59:16","27/12/2017 20:59:16"
"19513","13","5","27/12/2017 20:59:16","27/12/2017 20:59:16"
"19514","13","6","27/12/2017 20:59:16","27/12/2017 20:59:16"
"19515","13","7","27/12/2017 20:59:16","27/12/2017 20:59:16"
"19516","13","8","27/12/2017 20:59:16","27/12/2017 20:59:16"
"19517","13","9","27/12/2017 20:59:16","27/12/2017 20:59:16"
"19518","13","10","27/12/2017 20:59:16","27/12/2017 20:59:16"
"19519","13","11","27/12/2017 20:59:16","27/12/2017 20:59:16"
"19520","13","13","27/12/2017 20:59:16","27/12/2017 20:59:16"
"19597","14","1","4/1/2018 17:30:28","4/1/2018 17:30:28"
"19598","14","3","4/1/2018 17:30:28","4/1/2018 17:30:28"
"19599","14","4","4/1/2018 17:30:28","4/1/2018 17:30:28"
"19600","14","5","4/1/2018 17:30:28","4/1/2018 17:30:28"
"19601","14","6","4/1/2018 17:30:28","4/1/2018 17:30:28"
"19602","14","7","4/1/2018 17:30:28","4/1/2018 17:30:28"
"19603","14","8","4/1/2018 17:30:28","4/1/2018 17:30:28"
"19604","14","9","4/1/2018 17:30:28","4/1/2018 17:30:28"
"19605","14","10","4/1/2018 17:30:28","4/1/2018 17:30:28"
"19606","14","11","4/1/2018 17:30:28","4/1/2018 17:30:28"
"19607","14","12","4/1/2018 17:30:28","4/1/2018 17:30:28"
"19608","14","13","4/1/2018 17:30:28","4/1/2018 17:30:28"
"19609","14","14","4/1/2018 17:30:28","4/1/2018 17:30:28"
"19620","120","12","7/1/2018 18:45:09","7/1/2018 18:45:09"
"24514","90","6","9/8/2018 01:16:04","9/8/2018 01:16:04"
"24515","91","6","9/8/2018 01:16:45","9/8/2018 01:16:45"
"24516","92","6","9/8/2018 01:17:11","9/8/2018 01:17:11"
"24517","93","6","9/8/2018 01:17:44","9/8/2018 01:17:44"
"24518","94","6","9/8/2018 01:18:04","9/8/2018 01:18:04"
"24519","95","6","9/8/2018 01:18:55","9/8/2018 01:18:55"
"24520","96","6","9/8/2018 01:19:19","9/8/2018 01:19:19"
"24521","97","6","9/8/2018 01:19:44","9/8/2018 01:19:44"
"24522","98","6","9/8/2018 01:20:03","9/8/2018 01:20:03"
"24523","99","6","9/8/2018 01:20:51","9/8/2018 01:20:51"
"24524","100","6","9/8/2018 01:21:11","9/8/2018 01:21:11"
"26298","101","0","15/10/2018 12:00:39","15/10/2018 12:00:39"
"26299","101","2","15/10/2018 12:00:39","15/10/2018 12:00:39"
"26300","101","5","15/10/2018 12:00:39","15/10/2018 12:00:39"
"26301","101","10","15/10/2018 12:00:39","15/10/2018 12:00:39"
"26302","101","14","15/10/2018 12:00:39","15/10/2018 12:00:39"
"26303","89","0","15/10/2018 12:01:22","15/10/2018 12:01:22"
"26304","89","2","15/10/2018 12:01:22","15/10/2018 12:01:22"
"26305","89","4","15/10/2018 12:01:22","15/10/2018 12:01:22"
"26306","89","5","15/10/2018 12:01:22","15/10/2018 12:01:22"
"26307","89","10","15/10/2018 12:01:22","15/10/2018 12:01:22"
"27767","102","0","25/10/2018 10:03:19","25/10/2018 10:03:19"
"27768","102","2","25/10/2018 10:03:19","25/10/2018 10:03:19"
"27769","102","5","25/10/2018 10:03:19","25/10/2018 10:03:19"
"27770","102","10","25/10/2018 10:03:19","25/10/2018 10:03:19"
"27771","102","14","25/10/2018 10:03:19","25/10/2018 10:03:19"
"27834","31","1","28/10/2018 15:26:54","28/10/2018 15:26:54"
"27835","31","2","28/10/2018 15:26:54","28/10/2018 15:26:54"
"27836","31","3","28/10/2018 15:26:54","28/10/2018 15:26:54"
"27837","31","4","28/10/2018 15:26:54","28/10/2018 15:26:54"
"27838","31","5","28/10/2018 15:26:54","28/10/2018 15:26:54"
"27839","31","6","28/10/2018 15:26:54","28/10/2018 15:26:54"
"27840","31","8","28/10/2018 15:26:54","28/10/2018 15:26:54"
"27841","31","9","28/10/2018 15:26:54","28/10/2018 15:26:54"
"27842","31","10","28/10/2018 15:26:54","28/10/2018 15:26:54"
"27843","31","11","28/10/2018 15:26:54","28/10/2018 15:26:54"
"27844","31","12","28/10/2018 15:26:54","28/10/2018 15:26:54"
"27845","31","14","28/10/2018 15:26:54","28/10/2018 15:26:54"
"27846","41","0","28/10/2018 15:30:04","28/10/2018 15:30:04"
"27847","41","1","28/10/2018 15:30:04","28/10/2018 15:30:04"
"27848","41","2","28/10/2018 15:30:04","28/10/2018 15:30:04"
"27849","41","3","28/10/2018 15:30:04","28/10/2018 15:30:04"
"27850","41","4","28/10/2018 15:30:04","28/10/2018 15:30:04"
"27851","41","5","28/10/2018 15:30:04","28/10/2018 15:30:04"
"27852","41","6","28/10/2018 15:30:04","28/10/2018 15:30:04"
"27853","41","8","28/10/2018 15:30:04","28/10/2018 15:30:04"
"27854","41","10","28/10/2018 15:30:04","28/10/2018 15:30:04"
"27855","41","11","28/10/2018 15:30:04","28/10/2018 15:30:04"
"27856","41","14","28/10/2018 15:30:04","28/10/2018 15:30:04"
"27867","51","0","28/10/2018 15:32:13","28/10/2018 15:32:13"
"27868","51","1","28/10/2018 15:32:13","28/10/2018 15:32:13"
"27869","51","2","28/10/2018 15:32:13","28/10/2018 15:32:13"
"27870","51","4","28/10/2018 15:32:13","28/10/2018 15:32:13"
"27871","51","5","28/10/2018 15:32:13","28/10/2018 15:32:13"
"27872","51","6","28/10/2018 15:32:13","28/10/2018 15:32:13"
"27873","51","8","28/10/2018 15:32:13","28/10/2018 15:32:13"
"27874","51","10","28/10/2018 15:32:13","28/10/2018 15:32:13"
"27875","51","11","28/10/2018 15:32:13","28/10/2018 15:32:13"
"27876","51","14","28/10/2018 15:32:13","28/10/2018 15:32:13"
"29417","4","0","21/11/2018 12:41:51","21/11/2018 12:41:51"
"29418","4","1","21/11/2018 12:41:51","21/11/2018 12:41:51"
"29419","4","3","21/11/2018 12:41:51","21/11/2018 12:41:51"
"29420","4","4","21/11/2018 12:41:51","21/11/2018 12:41:51"
"29421","4","5","21/11/2018 12:41:51","21/11/2018 12:41:51"
"29422","4","6","21/11/2018 12:41:51","21/11/2018 12:41:51"
"29423","4","7","21/11/2018 12:41:51","21/11/2018 12:41:51"
"29424","4","8","21/11/2018 12:41:51","21/11/2018 12:41:51"
"29425","4","10","21/11/2018 12:41:51","21/11/2018 12:41:51"
"29426","4","11","21/11/2018 12:41:51","21/11/2018 12:41:51"
"29427","4","14","21/11/2018 12:41:51","21/11/2018 12:41:51"
"29428","5","1","21/11/2018 12:41:53","21/11/2018 12:41:53"
"29429","5","3","21/11/2018 12:41:53","21/11/2018 12:41:53"
"29430","5","4","21/11/2018 12:41:53","21/11/2018 12:41:53"
"29431","5","5","21/11/2018 12:41:53","21/11/2018 12:41:53"
"29432","5","6","21/11/2018 12:41:53","21/11/2018 12:41:53"
"29433","5","7","21/11/2018 12:41:53","21/11/2018 12:41:53"
"29434","5","8","21/11/2018 12:41:53","21/11/2018 12:41:53"
"29435","5","10","21/11/2018 12:41:54","21/11/2018 12:41:54"
"29436","5","11","21/11/2018 12:41:54","21/11/2018 12:41:54"
"29437","5","14","21/11/2018 12:41:54","21/11/2018 12:41:54"
"29992","6","1","20/12/2018 15:14:31","20/12/2018 15:14:31"
"29993","6","3","20/12/2018 15:14:31","20/12/2018 15:14:31"
"29994","6","4","20/12/2018 15:14:31","20/12/2018 15:14:31"
"29995","6","5","20/12/2018 15:14:31","20/12/2018 15:14:31"
"29996","6","6","20/12/2018 15:14:31","20/12/2018 15:14:31"
"29997","6","7","20/12/2018 15:14:31","20/12/2018 15:14:31"
"29998","6","8","20/12/2018 15:14:31","20/12/2018 15:14:31"
"29999","6","9","20/12/2018 15:14:31","20/12/2018 15:14:31"
"30000","6","10","20/12/2018 15:14:31","20/12/2018 15:14:31"
"30001","6","11","20/12/2018 15:14:31","20/12/2018 15:14:31"
"30002","6","12","20/12/2018 15:14:31","20/12/2018 15:14:31"
"30003","6","13","20/12/2018 15:14:31","20/12/2018 15:14:31"
"30004","6","14","20/12/2018 15:14:31","20/12/2018 15:14:31"
"30164","62","0","20/12/2018 15:17:25","20/12/2018 15:17:25"
"30165","62","1","20/12/2018 15:17:25","20/12/2018 15:17:25"
"30166","62","2","20/12/2018 15:17:25","20/12/2018 15:17:25"
"30167","62","3","20/12/2018 15:17:25","20/12/2018 15:17:25"
"30168","62","5","20/12/2018 15:17:25","20/12/2018 15:17:25"
"30169","62","8","20/12/2018 15:17:25","20/12/2018 15:17:25"
"30170","62","10","20/12/2018 15:17:25","20/12/2018 15:17:25"
"30171","62","11","20/12/2018 15:17:25","20/12/2018 15:17:25"
"30172","62","14","20/12/2018 15:17:25","20/12/2018 15:17:25"
"30182","63","0","20/12/2018 15:24:25","20/12/2018 15:24:25"
"30183","63","1","20/12/2018 15:24:25","20/12/2018 15:24:25"
"30184","63","2","20/12/2018 15:24:25","20/12/2018 15:24:25"
"30185","63","3","20/12/2018 15:24:25","20/12/2018 15:24:25"
"30186","63","4","20/12/2018 15:24:25","20/12/2018 15:24:25"
"30187","63","5","20/12/2018 15:24:25","20/12/2018 15:24:25"
"30188","63","6","20/12/2018 15:24:25","20/12/2018 15:24:25"
"30189","63","8","20/12/2018 15:24:25","20/12/2018 15:24:25"
"30190","63","10","20/12/2018 15:24:25","20/12/2018 15:24:25"
"30191","63","11","20/12/2018 15:24:25","20/12/2018 15:24:25"
"30192","63","14","20/12/2018 15:24:25","20/12/2018 15:24:25"
"30202","65","1","20/12/2018 15:24:39","20/12/2018 15:24:39"
"30203","65","3","20/12/2018 15:24:39","20/12/2018 15:24:39"
"30204","65","4","20/12/2018 15:24:39","20/12/2018 15:24:39"
"30205","65","5","20/12/2018 15:24:39","20/12/2018 15:24:39"
"30206","65","6","20/12/2018 15:24:39","20/12/2018 15:24:39"
"30207","65","8","20/12/2018 15:24:40","20/12/2018 15:24:40"
"30208","65","10","20/12/2018 15:24:40","20/12/2018 15:24:40"
"30209","65","11","20/12/2018 15:24:40","20/12/2018 15:24:40"
"30210","65","14","20/12/2018 15:24:40","20/12/2018 15:24:40"
"30221","67","0","20/12/2018 15:24:53","20/12/2018 15:24:53"
"30222","67","1","20/12/2018 15:24:53","20/12/2018 15:24:53"
"30223","67","2","20/12/2018 15:24:53","20/12/2018 15:24:53"
"30224","67","3","20/12/2018 15:24:53","20/12/2018 15:24:53"
"30225","67","4","20/12/2018 15:24:53","20/12/2018 15:24:53"
"30226","67","5","20/12/2018 15:24:53","20/12/2018 15:24:53"
"30227","67","6","20/12/2018 15:24:53","20/12/2018 15:24:53"
"30228","67","8","20/12/2018 15:24:53","20/12/2018 15:24:53"
"30229","67","10","20/12/2018 15:24:53","20/12/2018 15:24:53"
"30230","67","11","20/12/2018 15:24:53","20/12/2018 15:24:53"
"30231","67","14","20/12/2018 15:24:53","20/12/2018 15:24:53"
"30243","69","2","20/12/2018 15:25:09","20/12/2018 15:25:09"
"30244","69","3","20/12/2018 15:25:09","20/12/2018 15:25:09"
"30245","69","4","20/12/2018 15:25:09","20/12/2018 15:25:09"
"30246","69","5","20/12/2018 15:25:09","20/12/2018 15:25:09"
"30247","69","6","20/12/2018 15:25:09","20/12/2018 15:25:09"
"30248","69","7","20/12/2018 15:25:09","20/12/2018 15:25:09"
"30249","69","8","20/12/2018 15:25:09","20/12/2018 15:25:09"
"30250","69","10","20/12/2018 15:25:09","20/12/2018 15:25:09"
"30251","69","11","20/12/2018 15:25:09","20/12/2018 15:25:09"
"30261","70","0","20/12/2018 15:25:26","20/12/2018 15:25:26"
"30262","70","1","20/12/2018 15:25:26","20/12/2018 15:25:26"
"30263","70","2","20/12/2018 15:25:26","20/12/2018 15:25:26"
"30264","70","3","20/12/2018 15:25:26","20/12/2018 15:25:26"
"30265","70","4","20/12/2018 15:25:26","20/12/2018 15:25:26"
"30266","70","5","20/12/2018 15:25:26","20/12/2018 15:25:26"
"30267","70","6","20/12/2018 15:25:26","20/12/2018 15:25:26"
"30268","70","10","20/12/2018 15:25:26","20/12/2018 15:25:26"
"30269","70","14","20/12/2018 15:25:26","20/12/2018 15:25:26"
"30270","71","0","20/12/2018 15:25:30","20/12/2018 15:25:30"
"30271","71","1","20/12/2018 15:25:30","20/12/2018 15:25:30"
"30272","71","2","20/12/2018 15:25:30","20/12/2018 15:25:30"
"30273","71","3","20/12/2018 15:25:30","20/12/2018 15:25:30"
"30274","71","4","20/12/2018 15:25:30","20/12/2018 15:25:30"
"30275","71","5","20/12/2018 15:25:30","20/12/2018 15:25:30"
"30276","71","6","20/12/2018 15:25:30","20/12/2018 15:25:30"
"30277","71","7","20/12/2018 15:25:30","20/12/2018 15:25:30"
"30278","71","8","20/12/2018 15:25:30","20/12/2018 15:25:30"
"30279","71","10","20/12/2018 15:25:30","20/12/2018 15:25:30"
"30280","71","11","20/12/2018 15:25:30","20/12/2018 15:25:30"
"30281","71","14","20/12/2018 15:25:30","20/12/2018 15:25:30"
"30282","72","0","20/12/2018 15:25:36","20/12/2018 15:25:36"
"30283","72","2","20/12/2018 15:25:36","20/12/2018 15:25:36"
"30284","72","3","20/12/2018 15:25:36","20/12/2018 15:25:36"
"30285","72","5","20/12/2018 15:25:37","20/12/2018 15:25:37"
"30286","72","6","20/12/2018 15:25:37","20/12/2018 15:25:37"
"30287","72","10","20/12/2018 15:25:37","20/12/2018 15:25:37"
"30288","72","14","20/12/2018 15:25:37","20/12/2018 15:25:37"
"30289","73","0","20/12/2018 15:26:09","20/12/2018 15:26:09"
"30290","73","1","20/12/2018 15:26:09","20/12/2018 15:26:09"
"30291","73","2","20/12/2018 15:26:09","20/12/2018 15:26:09"
"30292","73","3","20/12/2018 15:26:09","20/12/2018 15:26:09"
"30293","73","4","20/12/2018 15:26:09","20/12/2018 15:26:09"
"30294","73","5","20/12/2018 15:26:09","20/12/2018 15:26:09"
"30295","73","6","20/12/2018 15:26:09","20/12/2018 15:26:09"
"30296","73","8","20/12/2018 15:26:09","20/12/2018 15:26:09"
"30297","73","10","20/12/2018 15:26:09","20/12/2018 15:26:09"
"30298","73","11","20/12/2018 15:26:09","20/12/2018 15:26:09"
"30299","73","14","20/12/2018 15:26:09","20/12/2018 15:26:09"
"30300","74","0","20/12/2018 15:26:52","20/12/2018 15:26:52"
"30301","74","1","20/12/2018 15:26:52","20/12/2018 15:26:52"
"30302","74","2","20/12/2018 15:26:52","20/12/2018 15:26:52"
"30303","74","3","20/12/2018 15:26:52","20/12/2018 15:26:52"
"30304","74","4","20/12/2018 15:26:52","20/12/2018 15:26:52"
"30305","74","5","20/12/2018 15:26:52","20/12/2018 15:26:52"
"30306","74","6","20/12/2018 15:26:52","20/12/2018 15:26:52"
"30307","74","8","20/12/2018 15:26:52","20/12/2018 15:26:52"
"30308","74","10","20/12/2018 15:26:52","20/12/2018 15:26:52"
"30309","74","11","20/12/2018 15:26:52","20/12/2018 15:26:52"
"30310","74","14","20/12/2018 15:26:52","20/12/2018 15:26:52"
"30311","75","0","20/12/2018 15:27:08","20/12/2018 15:27:08"
"30312","75","1","20/12/2018 15:27:08","20/12/2018 15:27:08"
"30313","75","2","20/12/2018 15:27:08","20/12/2018 15:27:08"
"30314","75","3","20/12/2018 15:27:08","20/12/2018 15:27:08"
"30315","75","4","20/12/2018 15:27:08","20/12/2018 15:27:08"
"30316","75","5","20/12/2018 15:27:09","20/12/2018 15:27:09"
"30317","75","6","20/12/2018 15:27:09","20/12/2018 15:27:09"
"30318","75","8","20/12/2018 15:27:09","20/12/2018 15:27:09"
"30319","75","10","20/12/2018 15:27:09","20/12/2018 15:27:09"
"30320","75","11","20/12/2018 15:27:09","20/12/2018 15:27:09"
"30321","75","14","20/12/2018 15:27:09","20/12/2018 15:27:09"
"30322","76","0","20/12/2018 15:27:14","20/12/2018 15:27:14"
"30323","76","1","20/12/2018 15:27:14","20/12/2018 15:27:14"
"30324","76","2","20/12/2018 15:27:14","20/12/2018 15:27:14"
"30325","76","3","20/12/2018 15:27:14","20/12/2018 15:27:14"
"30326","76","4","20/12/2018 15:27:14","20/12/2018 15:27:14"
"30327","76","5","20/12/2018 15:27:15","20/12/2018 15:27:15"
"30328","76","6","20/12/2018 15:27:15","20/12/2018 15:27:15"
"30329","76","8","20/12/2018 15:27:15","20/12/2018 15:27:15"
"30330","76","10","20/12/2018 15:27:15","20/12/2018 15:27:15"
"30331","76","11","20/12/2018 15:27:15","20/12/2018 15:27:15"
"30332","76","14","20/12/2018 15:27:15","20/12/2018 15:27:15"
"30333","77","0","20/12/2018 15:27:19","20/12/2018 15:27:19"
"30334","77","1","20/12/2018 15:27:19","20/12/2018 15:27:19"
"30335","77","2","20/12/2018 15:27:19","20/12/2018 15:27:19"
"30336","77","3","20/12/2018 15:27:19","20/12/2018 15:27:19"
"30337","77","4","20/12/2018 15:27:19","20/12/2018 15:27:19"
"30338","77","5","20/12/2018 15:27:19","20/12/2018 15:27:19"
"30339","77","6","20/12/2018 15:27:19","20/12/2018 15:27:19"
"30340","77","8","20/12/2018 15:27:19","20/12/2018 15:27:19"
"30341","77","10","20/12/2018 15:27:19","20/12/2018 15:27:19"
"30342","77","11","20/12/2018 15:27:19","20/12/2018 15:27:19"
"30343","77","14","20/12/2018 15:27:19","20/12/2018 15:27:19"
"30344","78","0","20/12/2018 15:27:28","20/12/2018 15:27:28"
"30345","78","1","20/12/2018 15:27:28","20/12/2018 15:27:28"
"30346","78","2","20/12/2018 15:27:28","20/12/2018 15:27:28"
"30347","78","3","20/12/2018 15:27:28","20/12/2018 15:27:28"
"30348","78","4","20/12/2018 15:27:28","20/12/2018 15:27:28"
"30349","78","5","20/12/2018 15:27:28","20/12/2018 15:27:28"
"30350","78","6","20/12/2018 15:27:28","20/12/2018 15:27:28"
"30351","78","8","20/12/2018 15:27:28","20/12/2018 15:27:28"
"30352","78","9","20/12/2018 15:27:28","20/12/2018 15:27:28"
"30353","78","10","20/12/2018 15:27:28","20/12/2018 15:27:28"
"30354","78","14","20/12/2018 15:27:28","20/12/2018 15:27:28"
"30355","79","0","20/12/2018 15:27:34","20/12/2018 15:27:34"
"30356","79","1","20/12/2018 15:27:34","20/12/2018 15:27:34"
"30357","79","2","20/12/2018 15:27:34","20/12/2018 15:27:34"
"30358","79","3","20/12/2018 15:27:35","20/12/2018 15:27:35"
"30359","79","4","20/12/2018 15:27:35","20/12/2018 15:27:35"
"30360","79","5","20/12/2018 15:27:35","20/12/2018 15:27:35"
"30361","79","6","20/12/2018 15:27:35","20/12/2018 15:27:35"
"30362","79","8","20/12/2018 15:27:35","20/12/2018 15:27:35"
"30363","79","10","20/12/2018 15:27:35","20/12/2018 15:27:35"
"30364","79","11","20/12/2018 15:27:35","20/12/2018 15:27:35"
"30365","79","14","20/12/2018 15:27:35","20/12/2018 15:27:35"
"30366","80","1","20/12/2018 15:27:43","20/12/2018 15:27:43"
"30367","80","2","20/12/2018 15:27:43","20/12/2018 15:27:43"
"30368","80","3","20/12/2018 15:27:43","20/12/2018 15:27:43"
"30369","80","4","20/12/2018 15:27:43","20/12/2018 15:27:43"
"30370","80","5","20/12/2018 15:27:43","20/12/2018 15:27:43"
"30371","80","6","20/12/2018 15:27:43","20/12/2018 15:27:43"
"30372","80","8","20/12/2018 15:27:43","20/12/2018 15:27:43"
"30373","80","10","20/12/2018 15:27:43","20/12/2018 15:27:43"
"30374","80","11","20/12/2018 15:27:43","20/12/2018 15:27:43"
"30375","80","14","20/12/2018 15:27:43","20/12/2018 15:27:43"
"30376","81","0","20/12/2018 15:27:50","20/12/2018 15:27:50"
"30377","81","1","20/12/2018 15:27:50","20/12/2018 15:27:50"
"30378","81","2","20/12/2018 15:27:50","20/12/2018 15:27:50"
"30379","81","3","20/12/2018 15:27:50","20/12/2018 15:27:50"
"30380","81","5","20/12/2018 15:27:50","20/12/2018 15:27:50"
"30381","81","6","20/12/2018 15:27:50","20/12/2018 15:27:50"
"30382","81","8","20/12/2018 15:27:50","20/12/2018 15:27:50"
"30383","81","10","20/12/2018 15:27:50","20/12/2018 15:27:50"
"30384","81","11","20/12/2018 15:27:50","20/12/2018 15:27:50"
"30385","81","14","20/12/2018 15:27:50","20/12/2018 15:27:50"
"30386","82","0","20/12/2018 15:27:57","20/12/2018 15:27:57"
"30387","82","1","20/12/2018 15:27:57","20/12/2018 15:27:57"
"30388","82","2","20/12/2018 15:27:57","20/12/2018 15:27:57"
"30389","82","3","20/12/2018 15:27:57","20/12/2018 15:27:57"
"30390","82","4","20/12/2018 15:27:57","20/12/2018 15:27:57"
"30391","82","5","20/12/2018 15:27:57","20/12/2018 15:27:57"
"30392","82","6","20/12/2018 15:27:57","20/12/2018 15:27:57"
"30393","82","8","20/12/2018 15:27:57","20/12/2018 15:27:57"
"30394","82","10","20/12/2018 15:27:57","20/12/2018 15:27:57"
"30395","82","11","20/12/2018 15:27:57","20/12/2018 15:27:57"
"30396","82","14","20/12/2018 15:27:57","20/12/2018 15:27:57"
"30397","83","0","20/12/2018 15:28:47","20/12/2018 15:28:47"
"30398","83","1","20/12/2018 15:28:47","20/12/2018 15:28:47"
"30399","83","2","20/12/2018 15:28:47","20/12/2018 15:28:47"
"30400","83","3","20/12/2018 15:28:47","20/12/2018 15:28:47"
"30401","83","4","20/12/2018 15:28:47","20/12/2018 15:28:47"
"30402","83","5","20/12/2018 15:28:47","20/12/2018 15:28:47"
"30403","83","6","20/12/2018 15:28:47","20/12/2018 15:28:47"
"30404","83","8","20/12/2018 15:28:47","20/12/2018 15:28:47"
"30405","83","10","20/12/2018 15:28:47","20/12/2018 15:28:47"
"30406","83","11","20/12/2018 15:28:47","20/12/2018 15:28:47"
"30407","83","14","20/12/2018 15:28:47","20/12/2018 15:28:47"
"30408","84","0","20/12/2018 15:28:54","20/12/2018 15:28:54"
"30409","84","1","20/12/2018 15:28:54","20/12/2018 15:28:54"
"30410","84","2","20/12/2018 15:28:54","20/12/2018 15:28:54"
"30411","84","3","20/12/2018 15:28:54","20/12/2018 15:28:54"
"30412","84","4","20/12/2018 15:28:54","20/12/2018 15:28:54"
"30413","84","5","20/12/2018 15:28:54","20/12/2018 15:28:54"
"30414","84","6","20/12/2018 15:28:54","20/12/2018 15:28:54"
"30415","84","8","20/12/2018 15:28:54","20/12/2018 15:28:54"
"30416","84","10","20/12/2018 15:28:54","20/12/2018 15:28:54"
"30417","84","11","20/12/2018 15:28:54","20/12/2018 15:28:54"
"30418","84","14","20/12/2018 15:28:54","20/12/2018 15:28:54"
"30419","85","0","20/12/2018 15:29:04","20/12/2018 15:29:04"
"30420","85","1","20/12/2018 15:29:04","20/12/2018 15:29:04"
"30421","85","2","20/12/2018 15:29:04","20/12/2018 15:29:04"
"30422","85","3","20/12/2018 15:29:04","20/12/2018 15:29:04"
"30423","85","4","20/12/2018 15:29:04","20/12/2018 15:29:04"
"30424","85","5","20/12/2018 15:29:04","20/12/2018 15:29:04"
"30425","85","6","20/12/2018 15:29:04","20/12/2018 15:29:04"
"30426","85","8","20/12/2018 15:29:04","20/12/2018 15:29:04"
"30427","85","9","20/12/2018 15:29:04","20/12/2018 15:29:04"
"30428","85","10","20/12/2018 15:29:04","20/12/2018 15:29:04"
"30429","85","11","20/12/2018 15:29:04","20/12/2018 15:29:04"
"30430","85","14","20/12/2018 15:29:04","20/12/2018 15:29:04"
"30431","86","0","20/12/2018 15:29:11","20/12/2018 15:29:11"
"30432","86","1","20/12/2018 15:29:11","20/12/2018 15:29:11"
"30433","86","3","20/12/2018 15:29:11","20/12/2018 15:29:11"
"30434","86","4","20/12/2018 15:29:12","20/12/2018 15:29:12"
"30435","86","5","20/12/2018 15:29:12","20/12/2018 15:29:12"
"30436","86","6","20/12/2018 15:29:12","20/12/2018 15:29:12"
"30437","86","8","20/12/2018 15:29:12","20/12/2018 15:29:12"
"30438","86","10","20/12/2018 15:29:12","20/12/2018 15:29:12"
"30439","86","11","20/12/2018 15:29:12","20/12/2018 15:29:12"
"30440","87","0","20/12/2018 15:29:21","20/12/2018 15:29:21"
"30441","87","1","20/12/2018 15:29:21","20/12/2018 15:29:21"
"30442","87","2","20/12/2018 15:29:21","20/12/2018 15:29:21"
"30443","87","3","20/12/2018 15:29:21","20/12/2018 15:29:21"
"30444","87","4","20/12/2018 15:29:21","20/12/2018 15:29:21"
"30445","87","5","20/12/2018 15:29:21","20/12/2018 15:29:21"
"30446","87","8","20/12/2018 15:29:21","20/12/2018 15:29:21"
"30447","87","11","20/12/2018 15:29:21","20/12/2018 15:29:21"
"30448","87","14","20/12/2018 15:29:21","20/12/2018 15:29:21"
"30464","104","0","20/12/2018 15:32:29","20/12/2018 15:32:29"
"30465","104","1","20/12/2018 15:32:29","20/12/2018 15:32:29"
"30466","104","2","20/12/2018 15:32:29","20/12/2018 15:32:29"
"30467","104","3","20/12/2018 15:32:29","20/12/2018 15:32:29"
"30468","104","4","20/12/2018 15:32:29","20/12/2018 15:32:29"
"30469","104","5","20/12/2018 15:32:29","20/12/2018 15:32:29"
"30470","104","6","20/12/2018 15:32:29","20/12/2018 15:32:29"
"30471","104","8","20/12/2018 15:32:29","20/12/2018 15:32:29"
"30472","104","14","20/12/2018 15:32:29","20/12/2018 15:32:29"
"30473","105","1","20/12/2018 15:32:40","20/12/2018 15:32:40"
"30474","105","3","20/12/2018 15:32:40","20/12/2018 15:32:40"
"30475","105","4","20/12/2018 15:32:40","20/12/2018 15:32:40"
"30476","105","5","20/12/2018 15:32:40","20/12/2018 15:32:40"
"30477","105","6","20/12/2018 15:32:40","20/12/2018 15:32:40"
"30478","105","8","20/12/2018 15:32:40","20/12/2018 15:32:40"
"30479","105","9","20/12/2018 15:32:40","20/12/2018 15:32:40"
"30480","105","10","20/12/2018 15:32:40","20/12/2018 15:32:40"
"30481","105","11","20/12/2018 15:32:41","20/12/2018 15:32:41"
"30652","131","0","20/12/2018 15:38:15","20/12/2018 15:38:15"
"30653","131","1","20/12/2018 15:38:15","20/12/2018 15:38:15"
"30654","131","2","20/12/2018 15:38:15","20/12/2018 15:38:15"
"30655","131","3","20/12/2018 15:38:15","20/12/2018 15:38:15"
"30656","131","4","20/12/2018 15:38:15","20/12/2018 15:38:15"
"30657","131","5","20/12/2018 15:38:15","20/12/2018 15:38:15"
"30658","131","6","20/12/2018 15:38:15","20/12/2018 15:38:15"
"30659","131","8","20/12/2018 15:38:15","20/12/2018 15:38:15"
"30660","131","10","20/12/2018 15:38:15","20/12/2018 15:38:15"
"30661","131","14","20/12/2018 15:38:15","20/12/2018 15:38:15"
"30662","132","0","20/12/2018 15:38:34","20/12/2018 15:38:34"
"30663","132","1","20/12/2018 15:38:34","20/12/2018 15:38:34"
"30664","132","2","20/12/2018 15:38:34","20/12/2018 15:38:34"
"30665","132","3","20/12/2018 15:38:34","20/12/2018 15:38:34"
"30666","132","4","20/12/2018 15:38:34","20/12/2018 15:38:34"
"30667","132","5","20/12/2018 15:38:34","20/12/2018 15:38:34"
"30668","132","6","20/12/2018 15:38:34","20/12/2018 15:38:34"
"30669","132","8","20/12/2018 15:38:34","20/12/2018 15:38:34"
"30670","132","10","20/12/2018 15:38:34","20/12/2018 15:38:34"
"30671","132","14","20/12/2018 15:38:34","20/12/2018 15:38:34"
"30672","133","0","20/12/2018 15:39:07","20/12/2018 15:39:07"
"30673","133","1","20/12/2018 15:39:07","20/12/2018 15:39:07"
"30674","133","2","20/12/2018 15:39:07","20/12/2018 15:39:07"
"30675","133","3","20/12/2018 15:39:07","20/12/2018 15:39:07"
"30676","133","4","20/12/2018 15:39:07","20/12/2018 15:39:07"
"30677","133","5","20/12/2018 15:39:07","20/12/2018 15:39:07"
"30678","133","6","20/12/2018 15:39:07","20/12/2018 15:39:07"
"30679","133","8","20/12/2018 15:39:07","20/12/2018 15:39:07"
"30680","133","11","20/12/2018 15:39:07","20/12/2018 15:39:07"
"30681","133","14","20/12/2018 15:39:07","20/12/2018 15:39:07"
"30682","134","0","20/12/2018 15:39:17","20/12/2018 15:39:17"
"30683","134","1","20/12/2018 15:39:17","20/12/2018 15:39:17"
"30684","134","2","20/12/2018 15:39:17","20/12/2018 15:39:17"
"30685","134","3","20/12/2018 15:39:17","20/12/2018 15:39:17"
"30686","134","4","20/12/2018 15:39:17","20/12/2018 15:39:17"
"30687","134","5","20/12/2018 15:39:17","20/12/2018 15:39:17"
"30688","134","6","20/12/2018 15:39:17","20/12/2018 15:39:17"
"30689","134","10","20/12/2018 15:39:17","20/12/2018 15:39:17"
"30690","134","11","20/12/2018 15:39:17","20/12/2018 15:39:17"
"30735","3","0","20/12/2018 16:00:31","20/12/2018 16:00:31"
"30736","3","1","20/12/2018 16:00:31","20/12/2018 16:00:31"
"30737","3","2","20/12/2018 16:00:31","20/12/2018 16:00:31"
"30738","3","4","20/12/2018 16:00:31","20/12/2018 16:00:31"
"30739","3","5","20/12/2018 16:00:31","20/12/2018 16:00:31"
"30740","3","6","20/12/2018 16:00:31","20/12/2018 16:00:31"
"30741","3","8","20/12/2018 16:00:31","20/12/2018 16:00:31"
"30742","3","10","20/12/2018 16:00:31","20/12/2018 16:00:31"
"30743","3","14","20/12/2018 16:00:31","20/12/2018 16:00:31"
"31308","140","0","10/1/2019 11:06:31","10/1/2019 11:06:31"
"31309","140","1","10/1/2019 11:06:31","10/1/2019 11:06:31"
"31310","140","2","10/1/2019 11:06:32","10/1/2019 11:06:32"
"31311","140","5","10/1/2019 11:06:32","10/1/2019 11:06:32"
"31312","140","6","10/1/2019 11:06:32","10/1/2019 11:06:32"
"31313","140","8","10/1/2019 11:06:32","10/1/2019 11:06:32"
"31314","140","9","10/1/2019 11:06:32","10/1/2019 11:06:32"
"31315","140","11","10/1/2019 11:06:32","10/1/2019 11:06:32"
"31316","140","14","10/1/2019 11:06:32","10/1/2019 11:06:32"
"31317","141","1","10/1/2019 11:07:07","10/1/2019 11:07:07"
"31318","141","5","10/1/2019 11:07:07","10/1/2019 11:07:07"
"31319","141","6","10/1/2019 11:07:07","10/1/2019 11:07:07"
"31320","141","8","10/1/2019 11:07:07","10/1/2019 11:07:07"
"31321","141","9","10/1/2019 11:07:07","10/1/2019 11:07:07"
"31322","141","14","10/1/2019 11:07:07","10/1/2019 11:07:07"
"33961","149","0","14/3/2019 17:29:36","14/3/2019 17:29:36"
"33962","149","1","14/3/2019 17:29:36","14/3/2019 17:29:36"
"33963","149","3","14/3/2019 17:29:36","14/3/2019 17:29:36"
"33964","149","4","14/3/2019 17:29:36","14/3/2019 17:29:36"
"33965","149","5","14/3/2019 17:29:36","14/3/2019 17:29:36"
"33966","149","6","14/3/2019 17:29:36","14/3/2019 17:29:36"
"33967","149","8","14/3/2019 17:29:36","14/3/2019 17:29:36"
"33968","149","9","14/3/2019 17:29:36","14/3/2019 17:29:36"
"33969","149","11","14/3/2019 17:29:36","14/3/2019 17:29:36"
"33970","149","14","14/3/2019 17:29:36","14/3/2019 17:29:36"
"33971","150","0","14/3/2019 17:29:40","14/3/2019 17:29:40"
"33972","150","1","14/3/2019 17:29:40","14/3/2019 17:29:40"
"33973","150","2","14/3/2019 17:29:40","14/3/2019 17:29:40"
"33974","150","3","14/3/2019 17:29:40","14/3/2019 17:29:40"
"33975","150","4","14/3/2019 17:29:41","14/3/2019 17:29:41"
"33976","150","5","14/3/2019 17:29:41","14/3/2019 17:29:41"
"33977","150","6","14/3/2019 17:29:41","14/3/2019 17:29:41"
"33978","150","8","14/3/2019 17:29:41","14/3/2019 17:29:41"
"33979","150","10","14/3/2019 17:29:41","14/3/2019 17:29:41"
"33980","150","14","14/3/2019 17:29:41","14/3/2019 17:29:41"
"33990","152","0","14/3/2019 17:29:48","14/3/2019 17:29:48"
"33991","152","2","14/3/2019 17:29:48","14/3/2019 17:29:48"
"33992","152","4","14/3/2019 17:29:48","14/3/2019 17:29:48"
"33993","152","5","14/3/2019 17:29:48","14/3/2019 17:29:48"
"33994","152","10","14/3/2019 17:29:48","14/3/2019 17:29:48"
"33995","152","14","14/3/2019 17:29:48","14/3/2019 17:29:48"
"33996","153","0","14/3/2019 17:30:23","14/3/2019 17:30:23"
"33997","153","1","14/3/2019 17:30:23","14/3/2019 17:30:23"
"33998","153","2","14/3/2019 17:30:23","14/3/2019 17:30:23"
"33999","153","3","14/3/2019 17:30:23","14/3/2019 17:30:23"
"34000","153","4","14/3/2019 17:30:23","14/3/2019 17:30:23"
"34001","153","5","14/3/2019 17:30:23","14/3/2019 17:30:23"
"34002","153","6","14/3/2019 17:30:23","14/3/2019 17:30:23"
"34003","153","8","14/3/2019 17:30:23","14/3/2019 17:30:23"
"34004","153","10","14/3/2019 17:30:23","14/3/2019 17:30:23"
"34005","153","14","14/3/2019 17:30:23","14/3/2019 17:30:23"
"34025","156","0","14/3/2019 17:30:34","14/3/2019 17:30:34"
"34026","156","2","14/3/2019 17:30:34","14/3/2019 17:30:34"
"34027","156","4","14/3/2019 17:30:34","14/3/2019 17:30:34"
"34028","156","5","14/3/2019 17:30:34","14/3/2019 17:30:34"
"34029","156","6","14/3/2019 17:30:34","14/3/2019 17:30:34"
"34030","156","8","14/3/2019 17:30:34","14/3/2019 17:30:34"
"34031","156","10","14/3/2019 17:30:34","14/3/2019 17:30:34"
"34032","156","14","14/3/2019 17:30:34","14/3/2019 17:30:34"
"34033","157","0","14/3/2019 17:30:37","14/3/2019 17:30:37"
"34034","157","1","14/3/2019 17:30:37","14/3/2019 17:30:37"
"34035","157","3","14/3/2019 17:30:38","14/3/2019 17:30:38"
"34036","157","5","14/3/2019 17:30:38","14/3/2019 17:30:38"
"34037","157","6","14/3/2019 17:30:38","14/3/2019 17:30:38"
"34038","157","8","14/3/2019 17:30:38","14/3/2019 17:30:38"
"34039","157","14","14/3/2019 17:30:38","14/3/2019 17:30:38"
"34040","158","0","14/3/2019 17:30:42","14/3/2019 17:30:42"
"34041","158","1","14/3/2019 17:30:42","14/3/2019 17:30:42"
"34042","158","2","14/3/2019 17:30:42","14/3/2019 17:30:42"
"34043","158","3","14/3/2019 17:30:42","14/3/2019 17:30:42"
"34044","158","5","14/3/2019 17:30:42","14/3/2019 17:30:42"
"34045","158","6","14/3/2019 17:30:42","14/3/2019 17:30:42"
"34046","158","10","14/3/2019 17:30:42","14/3/2019 17:30:42"
"34047","158","14","14/3/2019 17:30:42","14/3/2019 17:30:42"
"34048","159","0","14/3/2019 17:30:44","14/3/2019 17:30:44"
"34049","159","2","14/3/2019 17:30:44","14/3/2019 17:30:44"
"34050","159","4","14/3/2019 17:30:44","14/3/2019 17:30:44"
"34051","159","5","14/3/2019 17:30:44","14/3/2019 17:30:44"
"34052","159","6","14/3/2019 17:30:44","14/3/2019 17:30:44"
"34053","159","8","14/3/2019 17:30:44","14/3/2019 17:30:44"
"34054","159","10","14/3/2019 17:30:44","14/3/2019 17:30:44"
"34055","159","14","14/3/2019 17:30:44","14/3/2019 17:30:44"
"34056","160","0","14/3/2019 17:30:48","14/3/2019 17:30:48"
"34057","160","1","14/3/2019 17:30:48","14/3/2019 17:30:48"
"34058","160","2","14/3/2019 17:30:48","14/3/2019 17:30:48"
"34059","160","3","14/3/2019 17:30:48","14/3/2019 17:30:48"
"34060","160","5","14/3/2019 17:30:48","14/3/2019 17:30:48"
"34061","160","6","14/3/2019 17:30:48","14/3/2019 17:30:48"
"34062","160","7","14/3/2019 17:30:48","14/3/2019 17:30:48"
"34063","160","8","14/3/2019 17:30:48","14/3/2019 17:30:48"
"34064","160","11","14/3/2019 17:30:48","14/3/2019 17:30:48"
"34065","160","14","14/3/2019 17:30:48","14/3/2019 17:30:48"
"34094","147","0","14/3/2019 17:32:05","14/3/2019 17:32:05"
"34095","147","1","14/3/2019 17:32:05","14/3/2019 17:32:05"
"34096","147","2","14/3/2019 17:32:05","14/3/2019 17:32:05"
"34097","147","3","14/3/2019 17:32:05","14/3/2019 17:32:05"
"34098","147","5","14/3/2019 17:32:05","14/3/2019 17:32:05"
"34099","147","6","14/3/2019 17:32:05","14/3/2019 17:32:05"
"34100","147","8","14/3/2019 17:32:05","14/3/2019 17:32:05"
"34101","147","14","14/3/2019 17:32:05","14/3/2019 17:32:05"
"34102","146","0","14/3/2019 17:32:12","14/3/2019 17:32:12"
"34103","146","1","14/3/2019 17:32:12","14/3/2019 17:32:12"
"34104","146","2","14/3/2019 17:32:12","14/3/2019 17:32:12"
"34105","146","3","14/3/2019 17:32:12","14/3/2019 17:32:12"
"34106","146","5","14/3/2019 17:32:12","14/3/2019 17:32:12"
"34107","146","6","14/3/2019 17:32:12","14/3/2019 17:32:12"
"34108","146","8","14/3/2019 17:32:12","14/3/2019 17:32:12"
"34109","146","14","14/3/2019 17:32:12","14/3/2019 17:32:12"
"34119","144","0","14/3/2019 17:32:27","14/3/2019 17:32:27"
"34120","144","1","14/3/2019 17:32:27","14/3/2019 17:32:27"
"34121","144","4","14/3/2019 17:32:27","14/3/2019 17:32:27"
"34122","144","5","14/3/2019 17:32:27","14/3/2019 17:32:27"
"34123","144","8","14/3/2019 17:32:27","14/3/2019 17:32:27"
"34124","144","14","14/3/2019 17:32:27","14/3/2019 17:32:27"
"34213","137","0","27/3/2019 10:20:51","27/3/2019 10:20:51"
"34214","137","1","27/3/2019 10:20:51","27/3/2019 10:20:51"
"34215","137","2","27/3/2019 10:20:51","27/3/2019 10:20:51"
"34216","137","4","27/3/2019 10:20:51","27/3/2019 10:20:51"
"34217","137","5","27/3/2019 10:20:51","27/3/2019 10:20:51"
"34218","137","6","27/3/2019 10:20:51","27/3/2019 10:20:51"
"34219","137","10","27/3/2019 10:20:51","27/3/2019 10:20:51"
"34220","137","14","27/3/2019 10:20:51","27/3/2019 10:20:51"
"34221","138","1","27/3/2019 10:21:00","27/3/2019 10:21:00"
"34222","138","3","27/3/2019 10:21:00","27/3/2019 10:21:00"
"34223","138","4","27/3/2019 10:21:00","27/3/2019 10:21:00"
"34224","138","5","27/3/2019 10:21:00","27/3/2019 10:21:00"
"34225","138","6","27/3/2019 10:21:00","27/3/2019 10:21:00"
"34226","138","8","27/3/2019 10:21:00","27/3/2019 10:21:00"
"34227","138","9","27/3/2019 10:21:00","27/3/2019 10:21:00"
"34228","138","10","27/3/2019 10:21:00","27/3/2019 10:21:00"
"34229","138","11","27/3/2019 10:21:00","27/3/2019 10:21:00"
"34230","138","14","27/3/2019 10:21:00","27/3/2019 10:21:00"
"34231","139","0","27/3/2019 10:21:05","27/3/2019 10:21:05"
"34232","139","1","27/3/2019 10:21:05","27/3/2019 10:21:05"
"34233","139","3","27/3/2019 10:21:05","27/3/2019 10:21:05"
"34234","139","4","27/3/2019 10:21:05","27/3/2019 10:21:05"
"34235","139","5","27/3/2019 10:21:05","27/3/2019 10:21:05"
"34236","139","6","27/3/2019 10:21:05","27/3/2019 10:21:05"
"34237","139","8","27/3/2019 10:21:05","27/3/2019 10:21:05"
"34238","139","10","27/3/2019 10:21:05","27/3/2019 10:21:05"
"34239","139","14","27/3/2019 10:21:05","27/3/2019 10:21:05"
"34376","167","0","3/4/2019 10:22:01","3/4/2019 10:22:01"
"34377","167","1","3/4/2019 10:22:01","3/4/2019 10:22:01"
"34378","167","4","3/4/2019 10:22:01","3/4/2019 10:22:01"
"34379","167","5","3/4/2019 10:22:01","3/4/2019 10:22:01"
"34380","167","6","3/4/2019 10:22:01","3/4/2019 10:22:01"
"34381","167","8","3/4/2019 10:22:01","3/4/2019 10:22:01"
"34382","167","14","3/4/2019 10:22:01","3/4/2019 10:22:01"
"34416","15","1","12/4/2019 17:11:21","12/4/2019 17:11:21"
"34417","15","3","12/4/2019 17:11:21","12/4/2019 17:11:21"
"34418","15","4","12/4/2019 17:11:21","12/4/2019 17:11:21"
"34419","15","5","12/4/2019 17:11:21","12/4/2019 17:11:21"
"34420","15","6","12/4/2019 17:11:21","12/4/2019 17:11:21"
"34421","15","8","12/4/2019 17:11:21","12/4/2019 17:11:21"
"34422","15","9","12/4/2019 17:11:21","12/4/2019 17:11:21"
"34423","15","10","12/4/2019 17:11:21","12/4/2019 17:11:21"
"34424","15","11","12/4/2019 17:11:21","12/4/2019 17:11:21"
"34425","15","13","12/4/2019 17:11:21","12/4/2019 17:11:21"
"34426","15","14","12/4/2019 17:11:21","12/4/2019 17:11:21"
"34459","145","0","15/4/2019 16:01:34","15/4/2019 16:01:34"
"34460","145","1","15/4/2019 16:01:34","15/4/2019 16:01:34"
"34461","145","2","15/4/2019 16:01:34","15/4/2019 16:01:34"
"34462","145","3","15/4/2019 16:01:34","15/4/2019 16:01:34"
"34463","145","4","15/4/2019 16:01:34","15/4/2019 16:01:34"
"34464","145","5","15/4/2019 16:01:34","15/4/2019 16:01:34"
"34465","145","6","15/4/2019 16:01:34","15/4/2019 16:01:34"
"34466","145","8","15/4/2019 16:01:34","15/4/2019 16:01:34"
"34467","145","14","15/4/2019 16:01:34","15/4/2019 16:01:34"
"34477","143","1","23/5/2019 11:22:58","23/5/2019 11:22:58"
"34478","143","3","23/5/2019 11:22:58","23/5/2019 11:22:58"
"34479","143","4","23/5/2019 11:22:58","23/5/2019 11:22:58"
"34480","143","5","23/5/2019 11:22:58","23/5/2019 11:22:58"
"34481","143","6","23/5/2019 11:22:59","23/5/2019 11:22:59"
"34482","143","8","23/5/2019 11:22:59","23/5/2019 11:22:59"
"34483","143","10","23/5/2019 11:22:59","23/5/2019 11:22:59"
"34484","143","11","23/5/2019 11:22:59","23/5/2019 11:22:59"
"34485","143","13","23/5/2019 11:22:59","23/5/2019 11:22:59"
"34486","143","14","23/5/2019 11:22:59","23/5/2019 11:22:59"
"34487","142","1","23/5/2019 11:23:03","23/5/2019 11:23:03"
"34488","142","3","23/5/2019 11:23:03","23/5/2019 11:23:03"
"34489","142","4","23/5/2019 11:23:03","23/5/2019 11:23:03"
"34490","142","5","23/5/2019 11:23:03","23/5/2019 11:23:03"
"34491","142","8","23/5/2019 11:23:03","23/5/2019 11:23:03"
"34492","142","9","23/5/2019 11:23:03","23/5/2019 11:23:03"
"34493","142","11","23/5/2019 11:23:03","23/5/2019 11:23:03"
"34494","142","12","23/5/2019 11:23:03","23/5/2019 11:23:03"
"34495","142","13","23/5/2019 11:23:03","23/5/2019 11:23:03"
"34499","8","1","24/5/2019 11:38:04","24/5/2019 11:38:04"
"34500","8","3","24/5/2019 11:38:04","24/5/2019 11:38:04"
"34501","8","4","24/5/2019 11:38:04","24/5/2019 11:38:04"
"34502","8","5","24/5/2019 11:38:04","24/5/2019 11:38:04"
"34503","8","6","24/5/2019 11:38:04","24/5/2019 11:38:04"
"34504","8","8","24/5/2019 11:38:04","24/5/2019 11:38:04"
"34505","8","10","24/5/2019 11:38:04","24/5/2019 11:38:04"
"34506","8","11","24/5/2019 11:38:04","24/5/2019 11:38:04"
"34507","8","14","24/5/2019 11:38:04","24/5/2019 11:38:04"
"34508","10","1","24/5/2019 11:38:15","24/5/2019 11:38:15"
"34509","10","3","24/5/2019 11:38:16","24/5/2019 11:38:16"
"34510","10","4","24/5/2019 11:38:16","24/5/2019 11:38:16"
"34511","10","5","24/5/2019 11:38:16","24/5/2019 11:38:16"
"34512","10","8","24/5/2019 11:38:16","24/5/2019 11:38:16"
"34513","10","9","24/5/2019 11:38:16","24/5/2019 11:38:16"
"34514","10","10","24/5/2019 11:38:16","24/5/2019 11:38:16"
"34515","10","11","24/5/2019 11:38:16","24/5/2019 11:38:16"
"34516","10","12","24/5/2019 11:38:16","24/5/2019 11:38:16"
"34517","10","13","24/5/2019 11:38:16","24/5/2019 11:38:16"
"34518","10","14","24/5/2019 11:38:16","24/5/2019 11:38:16"
"34519","9","0","24/5/2019 11:38:25","24/5/2019 11:38:25"
"34520","9","1","24/5/2019 11:38:25","24/5/2019 11:38:25"
"34521","9","2","24/5/2019 11:38:25","24/5/2019 11:38:25"
"34522","9","4","24/5/2019 11:38:25","24/5/2019 11:38:25"
"34523","9","6","24/5/2019 11:38:25","24/5/2019 11:38:25"
"34524","9","8","24/5/2019 11:38:25","24/5/2019 11:38:25"
"34525","9","10","24/5/2019 11:38:25","24/5/2019 11:38:25"
"34526","9","14","24/5/2019 11:38:25","24/5/2019 11:38:25"
"34527","12","0","24/5/2019 11:38:39","24/5/2019 11:38:39"
"34528","12","1","24/5/2019 11:38:39","24/5/2019 11:38:39"
"34529","12","3","24/5/2019 11:38:39","24/5/2019 11:38:39"
"34530","12","4","24/5/2019 11:38:39","24/5/2019 11:38:39"
"34531","12","5","24/5/2019 11:38:39","24/5/2019 11:38:39"
"34532","12","6","24/5/2019 11:38:39","24/5/2019 11:38:39"
"34533","12","8","24/5/2019 11:38:39","24/5/2019 11:38:39"
"34534","12","10","24/5/2019 11:38:39","24/5/2019 11:38:39"
"34535","12","11","24/5/2019 11:38:39","24/5/2019 11:38:39"
"34536","12","14","24/5/2019 11:38:39","24/5/2019 11:38:39"
"34537","11","0","24/5/2019 11:38:48","24/5/2019 11:38:48"
"34538","11","1","24/5/2019 11:38:48","24/5/2019 11:38:48"
"34539","11","2","24/5/2019 11:38:48","24/5/2019 11:38:48"
"34540","11","3","24/5/2019 11:38:48","24/5/2019 11:38:48"
"34541","11","4","24/5/2019 11:38:48","24/5/2019 11:38:48"
"34542","11","5","24/5/2019 11:38:48","24/5/2019 11:38:48"
"34543","11","6","24/5/2019 11:38:48","24/5/2019 11:38:48"
"34544","11","9","24/5/2019 11:38:48","24/5/2019 11:38:48"
"34545","11","10","24/5/2019 11:38:48","24/5/2019 11:38:48"
"34546","11","11","24/5/2019 11:38:48","24/5/2019 11:38:48"
"34547","11","14","24/5/2019 11:38:48","24/5/2019 11:38:48"
"34731","166","0","2/6/2019 19:44:27","2/6/2019 19:44:27"
"34732","166","1","2/6/2019 19:44:27","2/6/2019 19:44:27"
"34733","166","4","2/6/2019 19:44:27","2/6/2019 19:44:27"
"34734","166","5","2/6/2019 19:44:27","2/6/2019 19:44:27"
"34735","166","6","2/6/2019 19:44:27","2/6/2019 19:44:27"
"34736","166","8","2/6/2019 19:44:27","2/6/2019 19:44:27"
"34737","166","14","2/6/2019 19:44:27","2/6/2019 19:44:27"
"35013","163","0","7/6/2019 19:33:47","7/6/2019 19:33:47"
"35014","163","1","7/6/2019 19:33:47","7/6/2019 19:33:47"
"35015","163","2","7/6/2019 19:33:47","7/6/2019 19:33:47"
"35016","163","5","7/6/2019 19:33:47","7/6/2019 19:33:47"
"35017","163","6","7/6/2019 19:33:47","7/6/2019 19:33:47"
"35018","163","14","7/6/2019 19:33:47","7/6/2019 19:33:47"
"35019","164","0","7/6/2019 19:34:14","7/6/2019 19:34:14"
"35020","164","1","7/6/2019 19:34:14","7/6/2019 19:34:14"
"35021","164","3","7/6/2019 19:34:14","7/6/2019 19:34:14"
"35022","164","5","7/6/2019 19:34:14","7/6/2019 19:34:14"
"35023","164","6","7/6/2019 19:34:14","7/6/2019 19:34:14"
"35024","164","8","7/6/2019 19:34:14","7/6/2019 19:34:14"
"35025","164","14","7/6/2019 19:34:14","7/6/2019 19:34:14"
"35068","122","1","7/6/2019 19:44:54","7/6/2019 19:44:54"
"35069","122","3","7/6/2019 19:44:54","7/6/2019 19:44:54"
"35070","122","4","7/6/2019 19:44:54","7/6/2019 19:44:54"
"35071","122","5","7/6/2019 19:44:54","7/6/2019 19:44:54"
"35072","122","6","7/6/2019 19:44:54","7/6/2019 19:44:54"
"35073","122","8","7/6/2019 19:44:54","7/6/2019 19:44:54"
"35074","122","9","7/6/2019 19:44:54","7/6/2019 19:44:54"
"35075","122","10","7/6/2019 19:44:54","7/6/2019 19:44:54"
"35076","122","11","7/6/2019 19:44:54","7/6/2019 19:44:54"
"35077","122","14","7/6/2019 19:44:54","7/6/2019 19:44:54"
"35085","123","0","7/6/2019 19:45:08","7/6/2019 19:45:08"
"35086","123","1","7/6/2019 19:45:08","7/6/2019 19:45:08"
"35087","123","3","7/6/2019 19:45:08","7/6/2019 19:45:08"
"35088","123","4","7/6/2019 19:45:08","7/6/2019 19:45:08"
"35089","123","5","7/6/2019 19:45:08","7/6/2019 19:45:08"
"35090","123","6","7/6/2019 19:45:08","7/6/2019 19:45:08"
"35091","123","8","7/6/2019 19:45:08","7/6/2019 19:45:08"
"35092","123","9","7/6/2019 19:45:08","7/6/2019 19:45:08"
"35093","123","10","7/6/2019 19:45:08","7/6/2019 19:45:08"
"35094","123","14","7/6/2019 19:45:08","7/6/2019 19:45:08"
"35095","124","0","7/6/2019 19:45:18","7/6/2019 19:45:18"
"35096","124","1","7/6/2019 19:45:18","7/6/2019 19:45:18"
"35097","124","3","7/6/2019 19:45:18","7/6/2019 19:45:18"
"35098","124","4","7/6/2019 19:45:18","7/6/2019 19:45:18"
"35099","124","5","7/6/2019 19:45:18","7/6/2019 19:45:18"
"35100","124","6","7/6/2019 19:45:18","7/6/2019 19:45:18"
"35101","124","8","7/6/2019 19:45:18","7/6/2019 19:45:18"
"35102","124","9","7/6/2019 19:45:18","7/6/2019 19:45:18"
"35103","124","11","7/6/2019 19:45:18","7/6/2019 19:45:18"
"35104","124","12","7/6/2019 19:45:18","7/6/2019 19:45:18"
"35105","124","14","7/6/2019 19:45:18","7/6/2019 19:45:18"
"35106","125","1","7/6/2019 19:45:27","7/6/2019 19:45:27"
"35107","125","3","7/6/2019 19:45:27","7/6/2019 19:45:27"
"35108","125","4","7/6/2019 19:45:27","7/6/2019 19:45:27"
"35109","125","5","7/6/2019 19:45:27","7/6/2019 19:45:27"
"35110","125","6","7/6/2019 19:45:27","7/6/2019 19:45:27"
"35111","125","8","7/6/2019 19:45:27","7/6/2019 19:45:27"
"35112","125","9","7/6/2019 19:45:27","7/6/2019 19:45:27"
"35113","125","10","7/6/2019 19:45:27","7/6/2019 19:45:27"
"35114","125","11","7/6/2019 19:45:27","7/6/2019 19:45:27"
"35176","165","1","26/6/2019 23:06:19","26/6/2019 23:06:19"
"35177","165","3","26/6/2019 23:06:19","26/6/2019 23:06:19"
"35178","165","4","26/6/2019 23:06:19","26/6/2019 23:06:19"
"35179","165","6","26/6/2019 23:06:19","26/6/2019 23:06:19"
"35180","165","8","26/6/2019 23:06:19","26/6/2019 23:06:19"
"35181","165","10","26/6/2019 23:06:19","26/6/2019 23:06:19"
"35239","170","0","30/7/2019 18:46:30","30/7/2019 18:46:30"
"35240","170","1","30/7/2019 18:46:30","30/7/2019 18:46:30"
"35241","170","2","30/7/2019 18:46:30","30/7/2019 18:46:30"
"35242","170","3","30/7/2019 18:46:30","30/7/2019 18:46:30"
"35243","170","4","30/7/2019 18:46:30","30/7/2019 18:46:30"
"35244","170","5","30/7/2019 18:46:31","30/7/2019 18:46:31"
"35245","170","6","30/7/2019 18:46:31","30/7/2019 18:46:31"
"35246","170","8","30/7/2019 18:46:31","30/7/2019 18:46:31"
"35247","170","10","30/7/2019 18:46:31","30/7/2019 18:46:31"
"35248","170","11","30/7/2019 18:46:31","30/7/2019 18:46:31"
"35249","170","14","30/7/2019 18:46:31","30/7/2019 18:46:31"
"35250","169","0","30/7/2019 18:46:55","30/7/2019 18:46:55"
"35251","169","1","30/7/2019 18:46:55","30/7/2019 18:46:55"
"35252","169","2","30/7/2019 18:46:55","30/7/2019 18:46:55"
"35253","169","4","30/7/2019 18:46:55","30/7/2019 18:46:55"
"35254","169","5","30/7/2019 18:46:55","30/7/2019 18:46:55"
"35255","169","6","30/7/2019 18:46:55","30/7/2019 18:46:55"
"35256","169","8","30/7/2019 18:46:55","30/7/2019 18:46:55"
"35257","169","9","30/7/2019 18:46:55","30/7/2019 18:46:55"
"35258","169","10","30/7/2019 18:46:55","30/7/2019 18:46:55"
"35259","169","14","30/7/2019 18:46:55","30/7/2019 18:46:55"
"35260","168","3","30/7/2019 18:47:01","30/7/2019 18:47:01"
"35261","168","4","30/7/2019 18:47:01","30/7/2019 18:47:01"
"35262","168","5","30/7/2019 18:47:01","30/7/2019 18:47:01"
"35263","168","6","30/7/2019 18:47:01","30/7/2019 18:47:01"
"35264","168","8","30/7/2019 18:47:02","30/7/2019 18:47:02"
"35265","168","10","30/7/2019 18:47:02","30/7/2019 18:47:02"
"35350","154","0","1/8/2019 04:38:40","1/8/2019 04:38:40"
"35351","154","1","1/8/2019 04:38:40","1/8/2019 04:38:40"
"35352","154","2","1/8/2019 04:38:40","1/8/2019 04:38:40"
"35353","154","4","1/8/2019 04:38:40","1/8/2019 04:38:40"
"35354","154","5","1/8/2019 04:38:40","1/8/2019 04:38:40"
"35355","154","6","1/8/2019 04:38:40","1/8/2019 04:38:40"
"35356","154","8","1/8/2019 04:38:40","1/8/2019 04:38:40"
"35357","154","10","1/8/2019 04:38:40","1/8/2019 04:38:40"
"35358","154","14","1/8/2019 04:38:40","1/8/2019 04:38:40"
"35359","155","0","1/8/2019 04:39:33","1/8/2019 04:39:33"
"35360","155","1","1/8/2019 04:39:33","1/8/2019 04:39:33"
"35361","155","2","1/8/2019 04:39:33","1/8/2019 04:39:33"
"35362","155","3","1/8/2019 04:39:33","1/8/2019 04:39:33"
"35363","155","4","1/8/2019 04:39:33","1/8/2019 04:39:33"
"35364","155","5","1/8/2019 04:39:33","1/8/2019 04:39:33"
"35365","155","6","1/8/2019 04:39:33","1/8/2019 04:39:33"
"35366","155","8","1/8/2019 04:39:33","1/8/2019 04:39:33"
"35367","155","10","1/8/2019 04:39:33","1/8/2019 04:39:33"
"35368","155","14","1/8/2019 04:39:33","1/8/2019 04:39:33"
"35369","161","0","1/8/2019 04:41:54","1/8/2019 04:41:54"
"35370","161","1","1/8/2019 04:41:54","1/8/2019 04:41:54"
"35371","161","2","1/8/2019 04:41:54","1/8/2019 04:41:54"
"35372","161","3","1/8/2019 04:41:54","1/8/2019 04:41:54"
"35373","161","4","1/8/2019 04:41:54","1/8/2019 04:41:54"
"35374","161","5","1/8/2019 04:41:54","1/8/2019 04:41:54"
"35375","161","6","1/8/2019 04:41:54","1/8/2019 04:41:54"
"35376","161","8","1/8/2019 04:41:54","1/8/2019 04:41:54"
"35377","161","10","1/8/2019 04:41:54","1/8/2019 04:41:54"
"35378","161","14","1/8/2019 04:41:54","1/8/2019 04:41:54"
"35521","173","0","5/8/2019 21:26:46","5/8/2019 21:26:46"
"35522","173","2","5/8/2019 21:26:46","5/8/2019 21:26:46"
"35523","173","10","5/8/2019 21:26:46","5/8/2019 21:26:46"
"35524","173","14","5/8/2019 21:26:46","5/8/2019 21:26:46"
"35532","177","0","5/8/2019 21:32:53","5/8/2019 21:32:53"
"35533","177","1","5/8/2019 21:32:53","5/8/2019 21:32:53"
"35534","177","5","5/8/2019 21:32:53","5/8/2019 21:32:53"
"35535","177","6","5/8/2019 21:32:53","5/8/2019 21:32:53"
"35536","177","8","5/8/2019 21:32:53","5/8/2019 21:32:53"
"35537","177","14","5/8/2019 21:32:53","5/8/2019 21:32:53"
"35538","176","0","5/8/2019 21:33:30","5/8/2019 21:33:30"
"35539","176","1","5/8/2019 21:33:30","5/8/2019 21:33:30"
"35540","176","2","5/8/2019 21:33:30","5/8/2019 21:33:30"
"35541","176","5","5/8/2019 21:33:30","5/8/2019 21:33:30"
"35542","176","6","5/8/2019 21:33:30","5/8/2019 21:33:30"
"35543","176","8","5/8/2019 21:33:30","5/8/2019 21:33:30"
"35544","176","14","5/8/2019 21:33:30","5/8/2019 21:33:30"
"35553","174","3","5/8/2019 21:34:31","5/8/2019 21:34:31"
"35554","174","4","5/8/2019 21:34:31","5/8/2019 21:34:31"
"35555","174","5","5/8/2019 21:34:31","5/8/2019 21:34:31"
"35556","174","6","5/8/2019 21:34:31","5/8/2019 21:34:31"
"35557","174","8","5/8/2019 21:34:31","5/8/2019 21:34:31"
"35558","174","9","5/8/2019 21:34:31","5/8/2019 21:34:31"
"35559","174","10","5/8/2019 21:34:31","5/8/2019 21:34:31"
"35560","174","11","5/8/2019 21:34:31","5/8/2019 21:34:31"
"35561","172","0","5/8/2019 21:34:58","5/8/2019 21:34:58"
"35562","172","1","5/8/2019 21:34:58","5/8/2019 21:34:58"
"35563","172","3","5/8/2019 21:34:58","5/8/2019 21:34:58"
"35564","172","6","5/8/2019 21:34:58","5/8/2019 21:34:58"
"35565","172","8","5/8/2019 21:34:58","5/8/2019 21:34:58"
"35566","172","10","5/8/2019 21:34:58","5/8/2019 21:34:58"
"35567","172","14","5/8/2019 21:34:58","5/8/2019 21:34:58"
"35595","175","0","5/8/2019 22:46:22","5/8/2019 22:46:22"
"35596","175","1","5/8/2019 22:46:23","5/8/2019 22:46:23"
"35597","175","2","5/8/2019 22:46:23","5/8/2019 22:46:23"
"35598","175","5","5/8/2019 22:46:23","5/8/2019 22:46:23"
"35599","175","6","5/8/2019 22:46:23","5/8/2019 22:46:23"
"35600","175","8","5/8/2019 22:46:23","5/8/2019 22:46:23"
"35601","175","10","5/8/2019 22:46:23","5/8/2019 22:46:23"
"35602","175","14","5/8/2019 22:46:23","5/8/2019 22:46:23"
"35702","136","3","9/8/2019 10:29:44","9/8/2019 10:29:44"
"35703","136","4","9/8/2019 10:29:44","9/8/2019 10:29:44"
"35704","136","5","9/8/2019 10:29:44","9/8/2019 10:29:44"
"35705","136","7","9/8/2019 10:29:44","9/8/2019 10:29:44"
"35706","136","8","9/8/2019 10:29:44","9/8/2019 10:29:44"
"35707","136","10","9/8/2019 10:29:44","9/8/2019 10:29:44"
"35708","136","12","9/8/2019 10:29:44","9/8/2019 10:29:44"
"35709","136","13","9/8/2019 10:29:44","9/8/2019 10:29:44"
"35710","136","14","9/8/2019 10:29:44","9/8/2019 10:29:44"
"35759","16","1","28/8/2019 14:03:02","28/8/2019 14:03:02"
"35760","16","3","28/8/2019 14:03:02","28/8/2019 14:03:02"
"35761","16","4","28/8/2019 14:03:02","28/8/2019 14:03:02"
"35762","16","5","28/8/2019 14:03:02","28/8/2019 14:03:02"
"35763","16","6","28/8/2019 14:03:02","28/8/2019 14:03:02"
"35764","16","7","28/8/2019 14:03:02","28/8/2019 14:03:02"
"35765","16","8","28/8/2019 14:03:02","28/8/2019 14:03:02"
"35766","16","9","28/8/2019 14:03:02","28/8/2019 14:03:02"
"35767","16","10","28/8/2019 14:03:02","28/8/2019 14:03:02"
"35768","16","11","28/8/2019 14:03:02","28/8/2019 14:03:02"
"35769","16","12","28/8/2019 14:03:02","28/8/2019 14:03:02"
"35770","16","13","28/8/2019 14:03:02","28/8/2019 14:03:02"
"35771","16","14","28/8/2019 14:03:02","28/8/2019 14:03:02"
"35791","7","0","3/9/2019 16:53:03","3/9/2019 16:53:03"
"35792","7","1","3/9/2019 16:53:03","3/9/2019 16:53:03"
"35793","7","2","3/9/2019 16:53:03","3/9/2019 16:53:03"
"35794","7","3","3/9/2019 16:53:03","3/9/2019 16:53:03"
"35795","7","4","3/9/2019 16:53:03","3/9/2019 16:53:03"
"35796","7","5","3/9/2019 16:53:03","3/9/2019 16:53:03"
"35797","7","6","3/9/2019 16:53:03","3/9/2019 16:53:03"
"35798","7","10","3/9/2019 16:53:03","3/9/2019 16:53:03"
"35799","7","14","3/9/2019 16:53:03","3/9/2019 16:53:03"
"35820","171","1","9/9/2019 10:43:02","9/9/2019 10:43:02"
"35821","171","3","9/9/2019 10:43:02","9/9/2019 10:43:02"
"35822","171","4","9/9/2019 10:43:02","9/9/2019 10:43:02"
"35823","171","5","9/9/2019 10:43:02","9/9/2019 10:43:02"
"35824","171","6","9/9/2019 10:43:02","9/9/2019 10:43:02"
"35825","171","8","9/9/2019 10:43:02","9/9/2019 10:43:02"
"35826","171","9","9/9/2019 10:43:02","9/9/2019 10:43:02"
"35827","171","10","9/9/2019 10:43:02","9/9/2019 10:43:02"
"35828","171","11","9/9/2019 10:43:02","9/9/2019 10:43:02"
"35829","64","1","18/9/2019 16:06:23","18/9/2019 16:06:23"
"35830","64","3","18/9/2019 16:06:23","18/9/2019 16:06:23"
"35831","64","4","18/9/2019 16:06:23","18/9/2019 16:06:23"
"35832","64","5","18/9/2019 16:06:23","18/9/2019 16:06:23"
"35833","64","6","18/9/2019 16:06:23","18/9/2019 16:06:23"
"35834","64","8","18/9/2019 16:06:23","18/9/2019 16:06:23"
"35835","64","10","18/9/2019 16:06:23","18/9/2019 16:06:23"
"35836","64","11","18/9/2019 16:06:23","18/9/2019 16:06:23"
"35837","64","14","18/9/2019 16:06:23","18/9/2019 16:06:23"
"35866","148","1","24/9/2019 16:03:03","24/9/2019 16:03:03"
"35867","148","3","24/9/2019 16:03:03","24/9/2019 16:03:03"
"35868","148","4","24/9/2019 16:03:03","24/9/2019 16:03:03"
"35869","148","5","24/9/2019 16:03:03","24/9/2019 16:03:03"
"35870","148","6","24/9/2019 16:03:03","24/9/2019 16:03:03"
"35871","148","8","24/9/2019 16:03:03","24/9/2019 16:03:03"
"35872","148","9","24/9/2019 16:03:03","24/9/2019 16:03:03"
"35873","148","10","24/9/2019 16:03:03","24/9/2019 16:03:03"
"35874","148","11","24/9/2019 16:03:03","24/9/2019 16:03:03"
"35980","135","0","2/10/2019 12:26:54","2/10/2019 12:26:54"
"35981","135","1","2/10/2019 12:26:54","2/10/2019 12:26:54"
"35982","135","3","2/10/2019 12:26:54","2/10/2019 12:26:54"
"35983","135","5","2/10/2019 12:26:54","2/10/2019 12:26:54"
"35984","135","6","2/10/2019 12:26:54","2/10/2019 12:26:54"
"35985","135","8","2/10/2019 12:26:54","2/10/2019 12:26:54"
"35986","135","9","2/10/2019 12:26:54","2/10/2019 12:26:54"
"35987","135","11","2/10/2019 12:26:54","2/10/2019 12:26:54"
"36004","17","1","5/10/2019 10:06:54","5/10/2019 10:06:54"
"36005","17","3","5/10/2019 10:06:54","5/10/2019 10:06:54"
"36006","17","4","5/10/2019 10:06:54","5/10/2019 10:06:54"
"36007","17","5","5/10/2019 10:06:54","5/10/2019 10:06:54"
"36008","17","6","5/10/2019 10:06:54","5/10/2019 10:06:54"
"36009","17","8","5/10/2019 10:06:54","5/10/2019 10:06:54"
"36010","17","9","5/10/2019 10:06:54","5/10/2019 10:06:54"
"36011","17","10","5/10/2019 10:06:54","5/10/2019 10:06:54"
"36012","17","11","5/10/2019 10:06:54","5/10/2019 10:06:54"
"36013","17","12","5/10/2019 10:06:54","5/10/2019 10:06:54"
"36014","17","14","5/10/2019 10:06:54","5/10/2019 10:06:54"
"36015","18","0","5/10/2019 10:07:02","5/10/2019 10:07:02"
"36016","18","1","5/10/2019 10:07:02","5/10/2019 10:07:02"
"36017","18","2","5/10/2019 10:07:02","5/10/2019 10:07:02"
"36018","18","3","5/10/2019 10:07:02","5/10/2019 10:07:02"
"36019","18","4","5/10/2019 10:07:02","5/10/2019 10:07:02"
"36020","18","5","5/10/2019 10:07:02","5/10/2019 10:07:02"
"36021","18","6","5/10/2019 10:07:02","5/10/2019 10:07:02"
"36022","18","8","5/10/2019 10:07:02","5/10/2019 10:07:02"
"36023","18","9","5/10/2019 10:07:02","5/10/2019 10:07:02"
"36024","18","10","5/10/2019 10:07:02","5/10/2019 10:07:02"
"36025","18","11","5/10/2019 10:07:02","5/10/2019 10:07:02"
"36026","18","14","5/10/2019 10:07:02","5/10/2019 10:07:02"
"36027","19","1","5/10/2019 10:07:06","5/10/2019 10:07:06"
"36028","19","3","5/10/2019 10:07:06","5/10/2019 10:07:06"
"36029","19","4","5/10/2019 10:07:06","5/10/2019 10:07:06"
"36030","19","5","5/10/2019 10:07:06","5/10/2019 10:07:06"
"36031","19","6","5/10/2019 10:07:07","5/10/2019 10:07:07"
"36032","19","8","5/10/2019 10:07:07","5/10/2019 10:07:07"
"36033","19","9","5/10/2019 10:07:07","5/10/2019 10:07:07"
"36034","19","10","5/10/2019 10:07:07","5/10/2019 10:07:07"
"36035","19","11","5/10/2019 10:07:07","5/10/2019 10:07:07"
"36036","19","14","5/10/2019 10:07:07","5/10/2019 10:07:07"
"36037","20","0","5/10/2019 10:07:12","5/10/2019 10:07:12"
"36038","20","1","5/10/2019 10:07:12","5/10/2019 10:07:12"
"36039","20","2","5/10/2019 10:07:12","5/10/2019 10:07:12"
"36040","20","3","5/10/2019 10:07:12","5/10/2019 10:07:12"
"36041","20","4","5/10/2019 10:07:12","5/10/2019 10:07:12"
"36042","20","5","5/10/2019 10:07:12","5/10/2019 10:07:12"
"36043","20","6","5/10/2019 10:07:12","5/10/2019 10:07:12"
"36044","20","8","5/10/2019 10:07:12","5/10/2019 10:07:12"
"36045","20","10","5/10/2019 10:07:12","5/10/2019 10:07:12"
"36046","20","14","5/10/2019 10:07:12","5/10/2019 10:07:12"
"36047","21","1","5/10/2019 10:07:17","5/10/2019 10:07:17"
"36048","21","3","5/10/2019 10:07:17","5/10/2019 10:07:17"
"36049","21","4","5/10/2019 10:07:17","5/10/2019 10:07:17"
"36050","21","5","5/10/2019 10:07:17","5/10/2019 10:07:17"
"36051","21","6","5/10/2019 10:07:17","5/10/2019 10:07:17"
"36052","21","8","5/10/2019 10:07:17","5/10/2019 10:07:17"
"36053","21","9","5/10/2019 10:07:17","5/10/2019 10:07:17"
"36054","21","10","5/10/2019 10:07:17","5/10/2019 10:07:17"
"36055","21","11","5/10/2019 10:07:17","5/10/2019 10:07:17"
"36056","21","14","5/10/2019 10:07:17","5/10/2019 10:07:17"
"36057","111","0","5/10/2019 11:03:31","5/10/2019 11:03:31"
"36058","111","1","5/10/2019 11:03:31","5/10/2019 11:03:31"
"36059","111","3","5/10/2019 11:03:31","5/10/2019 11:03:31"
"36060","111","4","5/10/2019 11:03:31","5/10/2019 11:03:31"
"36061","111","5","5/10/2019 11:03:31","5/10/2019 11:03:31"
"36062","111","6","5/10/2019 11:03:31","5/10/2019 11:03:31"
"36063","111","8","5/10/2019 11:03:31","5/10/2019 11:03:31"
"36064","111","9","5/10/2019 11:03:31","5/10/2019 11:03:31"
"36065","111","10","5/10/2019 11:03:31","5/10/2019 11:03:31"
"36066","111","11","5/10/2019 11:03:31","5/10/2019 11:03:31"
"36067","111","14","5/10/2019 11:03:31","5/10/2019 11:03:31"
"36068","112","0","5/10/2019 11:03:33","5/10/2019 11:03:33"
"36069","112","2","5/10/2019 11:03:33","5/10/2019 11:03:33"
"36070","112","5","5/10/2019 11:03:33","5/10/2019 11:03:33"
"36071","112","6","5/10/2019 11:03:33","5/10/2019 11:03:33"
"36072","112","14","5/10/2019 11:03:33","5/10/2019 11:03:33"
"36073","113","1","5/10/2019 11:03:36","5/10/2019 11:03:36"
"36074","113","3","5/10/2019 11:03:36","5/10/2019 11:03:36"
"36075","113","4","5/10/2019 11:03:36","5/10/2019 11:03:36"
"36076","113","5","5/10/2019 11:03:36","5/10/2019 11:03:36"
"36077","113","6","5/10/2019 11:03:36","5/10/2019 11:03:36"
"36078","113","8","5/10/2019 11:03:36","5/10/2019 11:03:36"
"36079","113","9","5/10/2019 11:03:36","5/10/2019 11:03:36"
"36080","113","10","5/10/2019 11:03:36","5/10/2019 11:03:36"
"36081","113","11","5/10/2019 11:03:36","5/10/2019 11:03:36"
"36082","113","14","5/10/2019 11:03:36","5/10/2019 11:03:36"
"36083","114","0","5/10/2019 11:03:37","5/10/2019 11:03:37"
"36084","114","1","5/10/2019 11:03:37","5/10/2019 11:03:37"
"36085","114","3","5/10/2019 11:03:37","5/10/2019 11:03:37"
"36086","114","4","5/10/2019 11:03:37","5/10/2019 11:03:37"
"36087","114","5","5/10/2019 11:03:37","5/10/2019 11:03:37"
"36088","114","6","5/10/2019 11:03:37","5/10/2019 11:03:37"
"36089","114","8","5/10/2019 11:03:37","5/10/2019 11:03:37"
"36090","114","10","5/10/2019 11:03:37","5/10/2019 11:03:37"
"36091","114","11","5/10/2019 11:03:37","5/10/2019 11:03:37"
"36092","114","14","5/10/2019 11:03:37","5/10/2019 11:03:37"
"36093","115","2","5/10/2019 11:03:38","5/10/2019 11:03:38"
"36094","115","3","5/10/2019 11:03:38","5/10/2019 11:03:38"
"36095","115","4","5/10/2019 11:03:38","5/10/2019 11:03:38"
"36096","115","5","5/10/2019 11:03:38","5/10/2019 11:03:38"
"36097","115","6","5/10/2019 11:03:38","5/10/2019 11:03:38"
"36098","115","7","5/10/2019 11:03:38","5/10/2019 11:03:38"
"36099","115","10","5/10/2019 11:03:38","5/10/2019 11:03:38"
"36100","116","0","5/10/2019 11:03:39","5/10/2019 11:03:39"
"36101","116","2","5/10/2019 11:03:39","5/10/2019 11:03:39"
"36102","116","5","5/10/2019 11:03:39","5/10/2019 11:03:39"
"36103","116","6","5/10/2019 11:03:39","5/10/2019 11:03:39"
"36104","116","10","5/10/2019 11:03:39","5/10/2019 11:03:39"
"36105","116","14","5/10/2019 11:03:39","5/10/2019 11:03:39"
"36106","117","0","5/10/2019 11:03:40","5/10/2019 11:03:40"
"36107","117","2","5/10/2019 11:03:40","5/10/2019 11:03:40"
"36108","117","4","5/10/2019 11:03:40","5/10/2019 11:03:40"
"36109","117","5","5/10/2019 11:03:40","5/10/2019 11:03:40"
"36110","117","10","5/10/2019 11:03:40","5/10/2019 11:03:40"
"36111","117","14","5/10/2019 11:03:40","5/10/2019 11:03:40"
"36112","118","3","5/10/2019 11:03:41","5/10/2019 11:03:41"
"36113","118","5","5/10/2019 11:03:41","5/10/2019 11:03:41"
"36114","118","6","5/10/2019 11:03:41","5/10/2019 11:03:41"
"36115","118","10","5/10/2019 11:03:41","5/10/2019 11:03:41"
"36116","119","0","5/10/2019 11:03:43","5/10/2019 11:03:43"
"36117","119","2","5/10/2019 11:03:43","5/10/2019 11:03:43"
"36118","119","5","5/10/2019 11:03:43","5/10/2019 11:03:43"
"36119","119","10","5/10/2019 11:03:43","5/10/2019 11:03:43"
"36120","110","0","5/10/2019 11:03:44","5/10/2019 11:03:44"
"36121","110","1","5/10/2019 11:03:44","5/10/2019 11:03:44"
"36122","110","2","5/10/2019 11:03:44","5/10/2019 11:03:44"
"36123","110","3","5/10/2019 11:03:44","5/10/2019 11:03:44"
"36124","110","4","5/10/2019 11:03:44","5/10/2019 11:03:44"
"36125","110","5","5/10/2019 11:03:44","5/10/2019 11:03:44"
"36126","110","6","5/10/2019 11:03:44","5/10/2019 11:03:44"
"36127","110","8","5/10/2019 11:03:44","5/10/2019 11:03:44"
"36128","110","10","5/10/2019 11:03:44","5/10/2019 11:03:44"
"36129","110","11","5/10/2019 11:03:44","5/10/2019 11:03:44"
"36130","110","14","5/10/2019 11:03:44","5/10/2019 11:03:44"
"36229","121","1","11/10/2019 18:41:06","11/10/2019 18:41:06"
"36230","121","3","11/10/2019 18:41:06","11/10/2019 18:41:06"
"36231","121","4","11/10/2019 18:41:06","11/10/2019 18:41:06"
"36232","121","5","11/10/2019 18:41:06","11/10/2019 18:41:06"
"36233","121","6","11/10/2019 18:41:06","11/10/2019 18:41:06"
"36234","121","9","11/10/2019 18:41:06","11/10/2019 18:41:06"
"36235","121","11","11/10/2019 18:41:06","11/10/2019 18:41:06"
"36244","151","0","23/10/2019 16:36:44","23/10/2019 16:36:44"
"36245","151","1","23/10/2019 16:36:44","23/10/2019 16:36:44"
"36246","151","2","23/10/2019 16:36:44","23/10/2019 16:36:44"
"36247","151","3","23/10/2019 16:36:44","23/10/2019 16:36:44"
"36248","151","5","23/10/2019 16:36:44","23/10/2019 16:36:44"
"36249","151","6","23/10/2019 16:36:44","23/10/2019 16:36:44"
"36250","151","8","23/10/2019 16:36:44","23/10/2019 16:36:44"
"36251","151","10","23/10/2019 16:36:44","23/10/2019 16:36:44"
"36252","151","14","23/10/2019 16:36:44","23/10/2019 16:36:44"
"36262","88","2","24/10/2019 16:16:37","24/10/2019 16:16:37"
"36263","88","3","24/10/2019 16:16:37","24/10/2019 16:16:37"
"36264","88","4","24/10/2019 16:16:37","24/10/2019 16:16:37"
"36265","88","6","24/10/2019 16:16:37","24/10/2019 16:16:37"
"36266","88","10","24/10/2019 16:16:37","24/10/2019 16:16:37"
"36354","178","2","29/10/2019 21:06:50","29/10/2019 21:06:50"
"36355","178","3","29/10/2019 21:06:50","29/10/2019 21:06:50"
"36356","178","10","29/10/2019 21:06:50","29/10/2019 21:06:50"
"36357","178","11","29/10/2019 21:06:50","29/10/2019 21:06:50"
"36447","182","1","1/11/2019 14:06:51","1/11/2019 14:06:51"
"36448","182","3","1/11/2019 14:06:51","1/11/2019 14:06:51"
"36449","182","5","1/11/2019 14:06:51","1/11/2019 14:06:51"
"36450","182","6","1/11/2019 14:06:51","1/11/2019 14:06:51"
"36451","182","8","1/11/2019 14:06:51","1/11/2019 14:06:51"
"36452","182","9","1/11/2019 14:06:51","1/11/2019 14:06:51"
"36453","182","10","1/11/2019 14:06:51","1/11/2019 14:06:51"
"36454","182","11","1/11/2019 14:06:51","1/11/2019 14:06:51"
"36473","103","0","5/11/2019 17:05:25","5/11/2019 17:05:25"
"36474","103","1","5/11/2019 17:05:25","5/11/2019 17:05:25"
"36475","103","3","5/11/2019 17:05:25","5/11/2019 17:05:25"
"36476","103","5","5/11/2019 17:05:25","5/11/2019 17:05:25"
"36477","103","6","5/11/2019 17:05:25","5/11/2019 17:05:25"
"36478","103","8","5/11/2019 17:05:25","5/11/2019 17:05:25"
"36479","103","9","5/11/2019 17:05:25","5/11/2019 17:05:25"
"36480","103","10","5/11/2019 17:05:25","5/11/2019 17:05:25"
"36481","103","11","5/11/2019 17:05:25","5/11/2019 17:05:25"
"36482","103","14","5/11/2019 17:05:25","5/11/2019 17:05:25"
"36486","68","0","11/11/2019 10:45:14","11/11/2019 10:45:14"
"36487","68","1","11/11/2019 10:45:14","11/11/2019 10:45:14"
"36488","68","2","11/11/2019 10:45:14","11/11/2019 10:45:14"
"36489","68","3","11/11/2019 10:45:14","11/11/2019 10:45:14"
"36490","68","4","11/11/2019 10:45:14","11/11/2019 10:45:14"
"36491","68","5","11/11/2019 10:45:14","11/11/2019 10:45:14"
"36492","68","6","11/11/2019 10:45:14","11/11/2019 10:45:14"
"36493","68","8","11/11/2019 10:45:14","11/11/2019 10:45:14"
"36494","68","10","11/11/2019 10:45:14","11/11/2019 10:45:14"
"36495","68","11","11/11/2019 10:45:14","11/11/2019 10:45:14"
"36496","68","14","11/11/2019 10:45:14","11/11/2019 10:45:14"
"36497","66","1","11/11/2019 10:45:22","11/11/2019 10:45:22"
"36498","66","3","11/11/2019 10:45:22","11/11/2019 10:45:22"
"36499","66","4","11/11/2019 10:45:22","11/11/2019 10:45:22"
"36500","66","5","11/11/2019 10:45:22","11/11/2019 10:45:22"
"36501","66","6","11/11/2019 10:45:22","11/11/2019 10:45:22"
"36502","66","8","11/11/2019 10:45:22","11/11/2019 10:45:22"
"36503","66","9","11/11/2019 10:45:22","11/11/2019 10:45:22"
"36504","66","10","11/11/2019 10:45:22","11/11/2019 10:45:22"
"36505","66","11","11/11/2019 10:45:22","11/11/2019 10:45:22"
"36506","66","14","11/11/2019 10:45:22","11/11/2019 10:45:22"
"36507","126","0","11/11/2019 14:33:56","11/11/2019 14:33:56"
"36508","126","1","11/11/2019 14:33:56","11/11/2019 14:33:56"
"36509","126","2","11/11/2019 14:33:56","11/11/2019 14:33:56"
"36510","126","3","11/11/2019 14:33:56","11/11/2019 14:33:56"
"36511","126","4","11/11/2019 14:33:56","11/11/2019 14:33:56"
"36512","126","5","11/11/2019 14:33:56","11/11/2019 14:33:56"
"36513","126","6","11/11/2019 14:33:56","11/11/2019 14:33:56"
"36514","126","8","11/11/2019 14:33:56","11/11/2019 14:33:56"
"36515","126","9","11/11/2019 14:33:56","11/11/2019 14:33:56"
"36516","126","10","11/11/2019 14:33:56","11/11/2019 14:33:56"
"36517","126","11","11/11/2019 14:33:56","11/11/2019 14:33:56"
"36518","126","12","11/11/2019 14:33:56","11/11/2019 14:33:56"
"36519","126","13","11/11/2019 14:33:56","11/11/2019 14:33:56"
"36520","126","14","11/11/2019 14:33:56","11/11/2019 14:33:56"
"36521","127","0","11/11/2019 14:35:45","11/11/2019 14:35:45"
"36522","127","1","11/11/2019 14:35:45","11/11/2019 14:35:45"
"36523","127","2","11/11/2019 14:35:45","11/11/2019 14:35:45"
"36524","127","3","11/11/2019 14:35:45","11/11/2019 14:35:45"
"36525","127","4","11/11/2019 14:35:45","11/11/2019 14:35:45"
"36526","127","5","11/11/2019 14:35:45","11/11/2019 14:35:45"
"36527","127","6","11/11/2019 14:35:45","11/11/2019 14:35:45"
"36528","127","8","11/11/2019 14:35:45","11/11/2019 14:35:45"
"36529","127","9","11/11/2019 14:35:45","11/11/2019 14:35:45"
"36530","127","10","11/11/2019 14:35:45","11/11/2019 14:35:45"
"36531","127","11","11/11/2019 14:35:45","11/11/2019 14:35:45"
"36532","127","14","11/11/2019 14:35:45","11/11/2019 14:35:45"
"36533","128","0","11/11/2019 14:35:48","11/11/2019 14:35:48"
"36534","128","1","11/11/2019 14:35:48","11/11/2019 14:35:48"
"36535","128","2","11/11/2019 14:35:48","11/11/2019 14:35:48"
"36536","128","3","11/11/2019 14:35:48","11/11/2019 14:35:48"
"36537","128","4","11/11/2019 14:35:48","11/11/2019 14:35:48"
"36538","128","5","11/11/2019 14:35:48","11/11/2019 14:35:48"
"36539","128","6","11/11/2019 14:35:48","11/11/2019 14:35:48"
"36540","128","8","11/11/2019 14:35:48","11/11/2019 14:35:48"
"36541","128","10","11/11/2019 14:35:48","11/11/2019 14:35:48"
"36542","128","13","11/11/2019 14:35:48","11/11/2019 14:35:48"
"36543","128","14","11/11/2019 14:35:48","11/11/2019 14:35:48"
"36544","129","0","11/11/2019 14:36:05","11/11/2019 14:36:05"
"36545","129","1","11/11/2019 14:36:05","11/11/2019 14:36:05"
"36546","129","2","11/11/2019 14:36:05","11/11/2019 14:36:05"
"36547","129","3","11/11/2019 14:36:05","11/11/2019 14:36:05"
"36548","129","4","11/11/2019 14:36:05","11/11/2019 14:36:05"
"36549","129","5","11/11/2019 14:36:05","11/11/2019 14:36:05"
"36550","129","6","11/11/2019 14:36:05","11/11/2019 14:36:05"
"36551","129","8","11/11/2019 14:36:05","11/11/2019 14:36:05"
"36552","129","9","11/11/2019 14:36:05","11/11/2019 14:36:05"
"36553","129","10","11/11/2019 14:36:05","11/11/2019 14:36:05"
"36554","129","11","11/11/2019 14:36:05","11/11/2019 14:36:05"
"36555","129","12","11/11/2019 14:36:05","11/11/2019 14:36:05"
"36556","129","14","11/11/2019 14:36:05","11/11/2019 14:36:05"
"36557","130","0","11/11/2019 14:36:11","11/11/2019 14:36:11"
"36558","130","1","11/11/2019 14:36:11","11/11/2019 14:36:11"
"36559","130","3","11/11/2019 14:36:11","11/11/2019 14:36:11"
"36560","130","4","11/11/2019 14:36:11","11/11/2019 14:36:11"
"36561","130","5","11/11/2019 14:36:11","11/11/2019 14:36:11"
"36562","130","6","11/11/2019 14:36:11","11/11/2019 14:36:11"
"36563","130","7","11/11/2019 14:36:11","11/11/2019 14:36:11"
"36564","130","8","11/11/2019 14:36:11","11/11/2019 14:36:11"
"36565","130","9","11/11/2019 14:36:11","11/11/2019 14:36:11"
"36566","130","11","11/11/2019 14:36:11","11/11/2019 14:36:11"
"36567","130","12","11/11/2019 14:36:11","11/11/2019 14:36:11"
"36568","130","14","11/11/2019 14:36:11","11/11/2019 14:36:11"
"36569","22","1","11/11/2019 14:38:49","11/11/2019 14:38:49"
"36570","22","4","11/11/2019 14:38:49","11/11/2019 14:38:49"
"36571","22","5","11/11/2019 14:38:49","11/11/2019 14:38:49"
"36572","22","6","11/11/2019 14:38:49","11/11/2019 14:38:49"
"36573","22","8","11/11/2019 14:38:49","11/11/2019 14:38:49"
"36574","22","9","11/11/2019 14:38:49","11/11/2019 14:38:49"
"36575","22","10","11/11/2019 14:38:49","11/11/2019 14:38:49"
"36576","22","11","11/11/2019 14:38:49","11/11/2019 14:38:49"
"36577","23","0","11/11/2019 14:38:51","11/11/2019 14:38:51"
"36578","23","2","11/11/2019 14:38:51","11/11/2019 14:38:51"
"36579","23","5","11/11/2019 14:38:51","11/11/2019 14:38:51"
"36580","23","6","11/11/2019 14:38:51","11/11/2019 14:38:51"
"36581","23","10","11/11/2019 14:38:51","11/11/2019 14:38:51"
"36582","23","14","11/11/2019 14:38:51","11/11/2019 14:38:51"
"36583","24","2","11/11/2019 14:38:56","11/11/2019 14:38:56"
"36584","24","5","11/11/2019 14:38:56","11/11/2019 14:38:56"
"36585","24","6","11/11/2019 14:38:56","11/11/2019 14:38:56"
"36586","24","9","11/11/2019 14:38:56","11/11/2019 14:38:56"
"36587","24","10","11/11/2019 14:38:56","11/11/2019 14:38:56"
"36588","24","11","11/11/2019 14:38:56","11/11/2019 14:38:56"
"36589","25","1","11/11/2019 14:39:01","11/11/2019 14:39:01"
"36590","25","4","11/11/2019 14:39:01","11/11/2019 14:39:01"
"36591","25","5","11/11/2019 14:39:01","11/11/2019 14:39:01"
"36592","25","6","11/11/2019 14:39:01","11/11/2019 14:39:01"
"36593","25","8","11/11/2019 14:39:01","11/11/2019 14:39:01"
"36594","25","9","11/11/2019 14:39:01","11/11/2019 14:39:01"
"36595","25","10","11/11/2019 14:39:01","11/11/2019 14:39:01"
"36596","25","11","11/11/2019 14:39:01","11/11/2019 14:39:01"
"36597","25","12","11/11/2019 14:39:01","11/11/2019 14:39:01"
"36598","25","14","11/11/2019 14:39:01","11/11/2019 14:39:01"
"36599","188","0","12/11/2019 14:49:10","12/11/2019 14:49:10"
"36600","189","0","12/11/2019 14:50:20","12/11/2019 14:50:20"
"36601","190","0","12/11/2019 14:51:36","12/11/2019 14:51:36"
"36602","191","0","12/11/2019 14:51:42","12/11/2019 14:51:42"
"36637","184","0","15/11/2019 18:50:07","15/11/2019 18:50:07"
"36638","184","1","15/11/2019 18:50:07","15/11/2019 18:50:07"
"36639","184","3","15/11/2019 18:50:07","15/11/2019 18:50:07"
"36640","184","5","15/11/2019 18:50:07","15/11/2019 18:50:07"
"36641","184","6","15/11/2019 18:50:07","15/11/2019 18:50:07"
"36642","184","8","15/11/2019 18:50:07","15/11/2019 18:50:07"
"36643","184","9","15/11/2019 18:50:07","15/11/2019 18:50:07"
"36644","184","11","15/11/2019 18:50:07","15/11/2019 18:50:07"
"36645","184","14","15/11/2019 18:50:07","15/11/2019 18:50:07"
"36760","162","1","15/11/2019 23:21:00","15/11/2019 23:21:00"
"36761","162","3","15/11/2019 23:21:00","15/11/2019 23:21:00"
"36762","162","4","15/11/2019 23:21:00","15/11/2019 23:21:00"
"36763","162","5","15/11/2019 23:21:00","15/11/2019 23:21:00"
"36764","162","6","15/11/2019 23:21:00","15/11/2019 23:21:00"
"36765","162","8","15/11/2019 23:21:00","15/11/2019 23:21:00"
"36766","162","9","15/11/2019 23:21:00","15/11/2019 23:21:00"
"36767","162","10","15/11/2019 23:21:00","15/11/2019 23:21:00"
"36768","162","11","15/11/2019 23:21:00","15/11/2019 23:21:00"
"36769","183","4","15/11/2019 23:26:13","15/11/2019 23:26:13"
"36770","183","7","15/11/2019 23:26:13","15/11/2019 23:26:13"
"36771","187","1","17/11/2019 21:04:34","17/11/2019 21:04:34"
"36772","187","3","17/11/2019 21:04:34","17/11/2019 21:04:34"
"36773","187","5","17/11/2019 21:04:34","17/11/2019 21:04:34"
"36774","187","6","17/11/2019 21:04:34","17/11/2019 21:04:34"
"36775","187","8","17/11/2019 21:04:34","17/11/2019 21:04:34"
"36776","187","9","17/11/2019 21:04:34","17/11/2019 21:04:34"
"36777","187","10","17/11/2019 21:04:34","17/11/2019 21:04:34"
"36778","187","11","17/11/2019 21:04:34","17/11/2019 21:04:34"
"36779","186","1","17/11/2019 21:04:35","17/11/2019 21:04:35"
"36780","186","3","17/11/2019 21:04:35","17/11/2019 21:04:35"
"36781","186","5","17/11/2019 21:04:35","17/11/2019 21:04:35"
"36782","186","6","17/11/2019 21:04:35","17/11/2019 21:04:35"
"36783","186","8","17/11/2019 21:04:35","17/11/2019 21:04:35"
"36784","186","9","17/11/2019 21:04:35","17/11/2019 21:04:35"
"36785","186","10","17/11/2019 21:04:35","17/11/2019 21:04:35"
"36786","186","11","17/11/2019 21:04:35","17/11/2019 21:04:35"
"36795","179","0","17/11/2019 21:30:04","17/11/2019 21:30:04"
"36796","179","10","17/11/2019 21:30:04","17/11/2019 21:30:04"
"36797","179","14","17/11/2019 21:30:04","17/11/2019 21:30:04"
"36798","181","1","17/11/2019 21:30:28","17/11/2019 21:30:28"
"36799","181","2","17/11/2019 21:30:28","17/11/2019 21:30:28"
"36800","181","3","17/11/2019 21:30:28","17/11/2019 21:30:28"
"36801","181","5","17/11/2019 21:30:28","17/11/2019 21:30:28"
"36802","181","10","17/11/2019 21:30:28","17/11/2019 21:30:28"
"36803","181","11","17/11/2019 21:30:28","17/11/2019 21:30:28"
"36804","180","0","17/11/2019 21:30:30","17/11/2019 21:30:30"
"36805","180","1","17/11/2019 21:30:30","17/11/2019 21:30:30"
"36806","180","3","17/11/2019 21:30:30","17/11/2019 21:30:30"
"36807","180","5","17/11/2019 21:30:30","17/11/2019 21:30:30"
"36808","180","6","17/11/2019 21:30:30","17/11/2019 21:30:30"
"36809","180","8","17/11/2019 21:30:30","17/11/2019 21:30:30"
"36810","180","11","17/11/2019 21:30:30","17/11/2019 21:30:30"
"36819","185","1","18/11/2019 23:55:20","18/11/2019 23:55:20"
"36820","185","3","18/11/2019 23:55:20","18/11/2019 23:55:20"
"36821","185","5","18/11/2019 23:55:20","18/11/2019 23:55:20"
"36822","185","6","18/11/2019 23:55:20","18/11/2019 23:55:20"
"36823","185","8","18/11/2019 23:55:20","18/11/2019 23:55:20"
"36824","185","9","18/11/2019 23:55:20","18/11/2019 23:55:20"
"36825","185","10","18/11/2019 23:55:20","18/11/2019 23:55:20"
"36826","185","11","18/11/2019 23:55:20","18/11/2019 23:55:20"
